graph	place	freq
01	A	2
01	D	2
01	E	1
01	F	1
01	G	1
01	I	2
01	L	1
01	M	2
01	P	2
01	Q	2
01	S	2
01	W	1
01	Y	4
02	C	1
02	D	1
02	G	1
02	K	1
02	M	1
02	P	2
02	R	1
02	S	1
02	V	1
02	Y	1
03	A	1
03	D	2
03	F	1
03	G	2
03	I	1
03	N	1
03	P	1
03	Y	2
04	A	1
04	C	1
04	D	1
04	E	1
04	F	2
04	G	1
04	H	3
04	I	1
04	M	1
04	P	1
04	S	1
04	T	1
04	Y	2
05	A	2
05	D	4
05	F	2
05	G	1
05	H	1
05	I	3
05	M	3
05	Q	1
05	R	2
05	S	1
05	T	1
05	V	1
05	Y	3
06	C	1
06	D	2
06	E	1
06	H	1
06	I	1
06	K	1
06	M	1
06	Q	1
06	R	2
06	V	3
06	Y	4
07	A	1
07	C	4
07	D	2
07	F	3
07	H	1
07	I	1
07	M	5
07	N	2
07	R	3
07	V	1
010	A	3
010	D	4
010	E	3
010	F	2
010	G	1
010	H	1
010	L	1
010	M	1
010	N	3
010	S	1
010	V	1
010	W	1
010	Y	4
10	C	2
10	I	2
10	M	1
10	P	1
10	Q	2
10	S	1
10	W	1
10	Y	2
11	A	2
11	D	2
11	E	1
11	F	1
11	G	1
11	I	2
11	M	1
11	P	2
11	Q	2
11	S	2
11	Y	5
12	C	1
12	D	1
12	F	1
12	G	2
12	K	1
12	M	1
12	P	2
12	R	1
12	S	1
12	V	1
12	Y	2
13	A	1
13	D	2
13	F	1
13	G	2
13	I	2
13	N	1
13	P	1
13	Y	2
14	A	1
14	C	1
14	E	1
14	F	2
14	G	1
14	H	3
14	M	1
14	P	1
14	S	1
14	T	1
14	Y	2
15	A	2
15	D	5
15	F	2
15	G	1
15	H	1
15	I	3
15	M	3
15	Q	1
15	R	2
15	T	1
15	Y	4
16	A	1
16	C	1
16	D	2
16	E	1
16	H	1
16	I	1
16	N	1
16	Q	1
16	R	2
16	V	3
16	Y	4
19	A	2
19	D	1
19	F	1
19	I	1
19	N	3
19	S	1
19	T	1
19	Y	1
110	A	3
110	D	4
110	E	3
110	F	2
110	H	1
110	L	1
110	M	1
110	N	2
110	P	1
110	Q	1
110	S	1
110	V	1
110	W	1
110	Y	4
20	A	1
20	C	3
20	I	2
20	M	1
20	P	1
20	Q	2
20	S	1
20	W	1
20	Y	1
21	A	1
21	D	2
21	E	1
21	F	1
21	G	1
21	I	2
21	L	1
21	M	1
21	P	2
21	Q	2
21	S	2
21	W	1
21	Y	5
22	C	1
22	D	2
22	F	1
22	G	2
22	K	1
22	P	2
22	R	1
22	S	1
22	V	1
22	Y	2
24	A	1
24	C	1
24	D	1
24	E	1
24	F	1
24	G	1
24	H	3
24	I	1
24	M	1
24	P	1
24	S	1
24	T	2
24	Y	2
25	A	2
25	D	6
25	F	2
25	G	1
25	H	1
25	I	3
25	M	3
25	Q	1
25	R	2
25	S	1
25	T	1
25	V	1
25	Y	3
26	A	1
26	C	1
26	D	2
26	E	1
26	H	1
26	I	1
26	K	1
26	M	1
26	N	1
26	Q	1
26	R	2
26	V	2
26	Y	4
29	A	3
29	C	1
29	D	1
29	F	1
29	I	1
29	N	3
29	S	1
29	T	1
29	Y	1
210	A	2
210	D	4
210	E	3
210	F	2
210	G	1
210	H	1
210	L	1
210	M	1
210	N	2
210	P	1
210	Q	1
210	V	1
210	W	1
210	Y	4
32	D	2
32	F	1
32	G	2
32	K	1
32	P	2
32	R	1
32	S	1
32	V	1
32	Y	2
33	A	1
33	D	2
33	F	1
33	G	2
33	I	2
33	N	1
33	P	1
33	Y	2
35	A	2
35	D	6
35	F	2
35	G	1
35	H	1
35	I	2
35	M	2
35	Q	1
35	R	2
35	S	1
35	T	1
35	V	1
35	Y	3
36	A	1
36	C	1
36	D	2
36	E	1
36	H	1
36	I	1
36	K	1
36	M	1
36	N	1
36	Q	1
36	R	2
36	V	3
36	Y	4
37	A	1
37	C	3
37	D	2
37	F	3
37	I	1
37	M	5
37	N	2
37	Q	1
37	R	2
37	V	1
38	A	4
38	D	3
38	E	2
38	I	2
38	K	1
38	L	1
38	N	3
38	P	1
38	R	2
38	T	1
38	Y	1
40	A	1
40	C	3
40	I	2
40	M	1
40	P	1
40	Q	1
40	S	1
40	W	1
40	Y	2
41	A	1
41	D	2
41	E	1
41	F	1
41	I	1
41	L	1
41	M	2
41	P	1
41	Q	2
41	S	2
41	W	1
41	Y	5
42	C	1
42	D	2
42	F	1
42	G	2
42	K	1
42	M	1
42	P	2
42	R	1
42	S	1
42	V	1
42	Y	2
44	A	1
44	C	1
44	E	1
44	F	2
44	G	1
44	H	3
44	I	1
44	M	1
44	P	1
44	S	1
44	T	2
44	Y	2
45	A	2
45	D	6
45	F	2
45	H	1
45	I	2
45	M	3
45	Q	1
45	R	2
45	S	1
45	T	1
45	Y	4
46	A	1
46	C	1
46	D	2
46	I	1
46	K	1
46	M	1
46	N	1
46	Q	1
46	R	2
46	V	3
46	Y	3
47	A	1
47	C	4
47	D	1
47	H	1
47	I	1
47	M	5
47	N	2
47	Q	1
47	R	3
47	V	1
49	A	3
49	C	1
49	D	1
49	F	1
49	I	1
49	N	3
49	T	1
49	Y	1
410	A	3
410	D	4
410	E	3
410	F	2
410	H	1
410	L	1
410	M	1
410	N	3
410	P	1
410	Q	1
410	S	1
410	V	1
410	W	1
410	Y	4
50	C	3
50	I	2
50	M	1
50	P	1
50	Q	2
50	W	1
50	Y	2
51	A	2
51	D	2
51	E	1
51	F	1
51	G	1
51	I	2
51	L	1
51	M	2
51	P	2
51	Q	2
51	W	1
51	Y	5
52	C	1
52	D	2
52	F	1
52	G	2
52	K	1
52	M	1
52	P	2
52	R	1
52	S	1
52	Y	2
54	A	1
54	C	1
54	D	1
54	E	1
54	F	1
54	G	1
54	H	3
54	I	1
54	M	1
54	P	1
54	T	2
54	Y	2
55	A	1
55	D	6
55	F	1
55	G	1
55	H	1
55	I	3
55	M	3
55	Q	1
55	R	2
55	S	1
55	T	1
55	V	1
55	Y	4
56	A	1
56	C	1
56	D	2
56	E	1
56	H	1
56	I	1
56	K	1
56	N	1
56	Q	1
56	R	2
56	V	2
56	Y	2
58	A	4
58	C	1
58	D	3
58	E	2
58	I	2
58	K	1
58	L	1
58	N	3
58	P	1
58	R	2
58	T	1
58	V	1
58	Y	1
510	A	3
510	D	4
510	E	3
510	F	2
510	G	1
510	H	1
510	L	1
510	N	3
510	Q	1
510	S	1
510	V	1
510	W	1
510	Y	4
60	A	1
60	C	3
60	I	2
60	M	1
60	P	1
60	Q	2
60	S	1
60	W	1
60	Y	2
61	A	2
61	D	2
61	E	1
61	G	1
61	I	2
61	L	1
61	M	1
61	P	1
61	Q	2
61	S	2
61	Y	5
62	C	1
62	D	1
62	F	1
62	G	2
62	K	1
62	M	1
62	P	2
62	R	1
62	S	1
62	V	1
62	Y	2
63	D	2
63	F	1
63	G	2
63	I	2
63	N	1
63	P	1
63	Y	2
64	A	1
64	C	1
64	D	1
64	E	1
64	F	2
64	G	1
64	H	3
64	I	1
64	M	1
64	P	1
64	S	1
64	T	2
64	Y	2
65	A	2
65	D	6
65	F	1
65	G	1
65	H	1
65	I	2
65	M	3
65	Q	1
65	R	1
65	S	1
65	T	1
65	V	1
65	Y	3
67	A	1
67	C	4
67	D	1
67	F	3
67	H	1
67	I	1
67	M	5
67	N	2
67	Q	1
67	R	3
67	V	1
68	A	4
68	D	2
68	E	1
68	I	2
68	K	1
68	L	1
68	N	2
68	P	1
68	R	2
68	T	1
68	V	1
68	Y	1
69	A	3
69	C	1
69	D	1
69	F	1
69	I	1
69	N	3
69	S	1
69	T	1
69	Y	1
70	A	1
70	C	3
70	I	2
70	M	1
70	P	1
70	Q	2
70	S	1
70	W	1
70	Y	2
71	A	1
71	D	2
71	E	1
71	F	1
71	I	2
71	L	1
71	M	1
71	P	1
71	Q	2
71	S	2
71	W	1
71	Y	5
72	C	1
72	D	2
72	F	1
72	G	2
72	K	1
72	M	1
72	P	2
72	R	1
72	S	1
72	V	1
72	Y	2
73	D	1
73	F	1
73	G	1
73	I	2
73	N	1
73	P	1
73	Y	2
74	A	1
74	C	1
74	D	1
74	E	1
74	F	1
74	H	3
74	I	1
74	M	1
74	P	1
74	S	1
74	T	2
74	Y	2
75	A	2
75	D	5
75	F	1
75	G	1
75	H	1
75	I	2
75	M	2
75	Q	1
75	R	2
75	S	1
75	T	1
75	V	1
75	Y	3
76	A	1
76	C	1
76	D	2
76	E	1
76	H	1
76	I	1
76	K	1
76	M	1
76	N	1
76	Q	1
76	R	2
76	V	2
76	Y	4
77	A	1
77	C	4
77	D	2
77	F	3
77	H	1
77	I	1
77	M	4
77	N	2
77	Q	1
77	R	3
77	V	1
80	A	1
80	C	2
80	I	2
80	M	1
80	P	1
80	Q	2
80	S	1
80	W	1
80	Y	2
81	A	2
81	D	2
81	E	1
81	F	1
81	G	1
81	I	2
81	L	1
81	M	2
81	P	2
81	Q	2
81	S	2
81	W	1
81	Y	4
82	C	1
82	D	2
82	F	1
82	G	2
82	K	1
82	P	1
82	R	1
82	S	1
82	V	1
82	Y	2
83	A	1
83	F	1
83	G	2
83	I	2
83	N	1
83	P	1
83	Y	2
84	A	1
84	C	1
84	D	1
84	E	1
84	F	2
84	G	1
84	H	3
84	I	1
84	M	1
84	P	1
84	T	2
84	Y	2
85	A	2
85	D	6
85	F	1
85	G	1
85	H	1
85	I	3
85	M	3
85	Q	1
85	R	1
85	S	1
85	V	1
85	Y	4
86	A	1
86	C	1
86	D	2
86	E	1
86	H	1
86	I	1
86	K	1
86	M	1
86	N	1
86	Q	1
86	R	2
86	V	3
86	Y	4
87	C	4
87	D	2
87	F	3
87	H	1
87	I	1
87	M	5
87	N	1
87	R	3
87	V	1
88	A	3
88	C	1
88	D	3
88	I	1
88	K	1
88	L	1
88	N	3
88	P	1
88	R	2
88	T	1
88	V	1
88	Y	1
91	A	1
91	D	2
91	E	1
91	F	1
91	G	1
91	I	2
91	L	1
91	M	2
91	P	2
91	Q	2
91	S	2
91	W	1
91	Y	5
92	C	1
92	D	1
92	F	1
92	G	2
92	K	1
92	M	1
92	P	1
92	R	1
92	S	1
92	V	1
92	Y	2
93	A	1
93	D	2
93	F	1
93	G	2
93	I	2
93	N	1
93	Y	2
94	A	1
94	D	1
94	E	1
94	F	2
94	G	1
94	H	2
94	I	1
94	M	1
94	P	1
94	S	1
94	T	2
94	Y	2
95	A	2
95	D	6
95	F	2
95	G	1
95	I	3
95	M	2
95	Q	1
95	R	2
95	S	1
95	T	1
95	V	1
95	Y	4
96	A	1
96	D	2
96	E	1
96	H	1
96	I	1
96	N	1
96	Q	1
96	R	2
96	V	3
96	Y	3
97	A	1
97	C	3
97	D	2
97	F	3
97	H	1
97	I	1
97	M	4
97	N	2
97	Q	1
97	R	3
97	V	1
98	A	4
98	C	1
98	D	3
98	E	2
98	I	1
98	K	1
98	L	1
98	N	3
98	P	1
98	R	2
98	T	1
98	V	1
98	Y	1
910	A	3
910	D	4
910	E	2
910	F	2
910	G	1
910	H	1
910	M	1
910	N	2
910	P	1
910	Q	1
910	S	1
910	V	1
910	W	1
910	Y	3
100	C	3
100	I	2
100	M	1
100	P	1
100	Q	2
100	S	1
100	W	1
100	Y	2
101	A	1
101	D	2
101	E	1
101	F	1
101	G	1
101	I	2
101	M	2
101	P	2
101	Q	2
101	S	1
101	W	1
101	Y	5
102	C	1
102	D	2
102	F	1
102	G	2
102	K	1
102	M	1
102	P	2
102	R	1
102	S	1
102	V	1
102	Y	2
103	A	1
103	D	2
103	F	1
103	G	2
103	I	2
103	N	1
103	P	1
103	Y	2
104	A	1
104	C	1
104	D	1
104	E	1
104	F	2
104	G	1
104	H	2
104	I	1
104	M	1
104	S	1
104	T	2
104	Y	1
106	A	1
106	C	1
106	D	2
106	E	1
106	I	1
106	K	1
106	M	1
106	N	1
106	Q	1
106	R	1
106	V	3
106	Y	3
109	A	2
109	C	1
109	D	1
109	F	1
109	I	1
109	N	3
109	S	1
109	T	1
109	Y	1
110	A	1
110	C	3
110	I	1
110	M	1
110	P	1
110	Q	2
110	S	1
110	W	1
110	Y	2
111	A	1
111	D	2
111	E	1
111	F	1
111	G	1
111	I	1
111	L	1
111	M	2
111	P	2
111	Q	2
111	S	1
111	W	1
111	Y	5
113	A	1
113	D	2
113	F	1
113	G	2
113	I	2
113	N	1
113	P	1
113	Y	2
114	A	1
114	C	1
114	D	1
114	E	1
114	F	2
114	G	1
114	H	3
114	I	1
114	M	1
114	P	1
114	T	2
114	Y	2
115	A	2
115	D	4
115	F	2
115	G	1
115	H	1
115	I	3
115	M	3
115	Q	1
115	R	2
115	S	1
115	T	1
115	Y	4
118	A	2
118	C	1
118	D	2
118	E	1
118	I	2
118	K	1
118	L	1
118	N	3
118	P	1
118	R	2
118	T	1
118	V	1
118	Y	1
119	A	3
119	C	1
119	F	1
119	I	1
119	N	1
119	S	1
119	T	1
119	Y	1
1110	A	1
1110	D	4
1110	E	3
1110	F	1
1110	G	1
1110	H	1
1110	M	1
1110	N	3
1110	P	1
1110	Q	1
1110	S	1
1110	V	1
1110	W	1
1110	Y	3
120	A	1
120	C	3
120	I	2
120	M	1
120	P	1
120	Q	1
120	W	1
120	Y	2
121	A	2
121	D	2
121	E	1
121	F	1
121	I	2
121	L	1
121	M	2
121	P	2
121	Q	2
121	S	2
121	W	1
121	Y	5
122	C	1
122	D	1
122	G	2
122	K	1
122	M	1
122	P	2
122	R	1
122	S	1
122	V	1
122	Y	1
123	A	1
123	D	2
123	F	1
123	G	2
123	I	2
123	N	1
123	P	1
123	Y	2
125	A	2
125	D	5
125	F	2
125	G	1
125	H	1
125	I	3
125	M	3
125	Q	1
125	R	2
125	S	1
125	T	1
125	V	1
125	Y	4
126	A	1
126	C	1
126	D	2
126	E	1
126	H	1
126	I	1
126	K	1
126	M	1
126	N	1
126	Q	1
126	R	1
126	V	2
126	Y	3
130	A	1
130	C	2
130	I	1
130	M	1
130	P	1
130	Q	2
130	S	1
130	W	1
130	Y	2
131	A	2
131	D	2
131	F	1
131	G	1
131	I	1
131	L	1
131	M	2
131	P	2
131	Q	2
131	S	2
131	W	1
131	Y	5
132	C	1
132	D	2
132	F	1
132	G	2
132	K	1
132	M	1
132	P	2
132	R	1
132	S	1
132	V	1
132	Y	2
133	A	1
133	D	1
133	F	1
133	G	2
133	I	2
133	P	1
133	Y	2
134	A	1
134	C	1
134	D	1
134	E	1
134	F	2
134	G	1
134	H	2
134	M	1
134	P	1
134	S	1
134	T	2
134	Y	2
135	A	2
135	D	5
135	F	2
135	G	1
135	H	1
135	I	2
135	M	3
135	R	2
135	V	1
135	Y	4
136	A	1
136	C	1
136	D	2
136	E	1
136	H	1
136	I	1
136	K	1
136	M	1
136	N	1
136	Q	1
136	R	2
136	V	3
136	Y	4
137	A	1
137	C	4
137	D	2
137	F	3
137	H	1
137	I	1
137	M	5
137	N	2
137	Q	1
137	R	3
137	V	1
138	A	4
138	C	1
138	D	3
138	E	2
138	I	2
138	K	1
138	N	2
138	P	1
138	R	2
138	V	1
138	Y	1
139	A	2
139	C	1
139	I	1
139	N	3
139	T	1
139	Y	1
140	A	1
140	C	2
140	I	2
140	M	1
140	P	1
140	Q	2
140	S	1
140	W	1
140	Y	2
142	C	1
142	D	1
142	F	1
142	G	2
142	K	1
142	M	1
142	P	1
142	R	1
142	S	1
142	V	1
142	Y	2
143	A	1
143	D	1
143	F	1
143	G	2
143	I	2
143	P	1
143	Y	2
144	A	1
144	C	1
144	D	1
144	E	1
144	F	2
144	G	1
144	H	3
144	I	1
144	M	1
144	P	1
144	S	1
144	T	1
144	Y	2
145	A	2
145	D	5
145	F	2
145	G	1
145	H	1
145	I	3
145	M	2
145	Q	1
145	R	2
145	S	1
145	T	1
145	V	1
145	Y	3
146	A	1
146	C	1
146	D	2
146	E	1
146	H	1
146	I	1
146	K	1
146	M	1
146	N	1
146	Q	1
146	R	1
146	V	3
146	Y	4
148	A	4
148	C	1
148	D	1
148	E	1
148	I	1
148	K	1
148	N	3
148	P	1
148	R	2
148	T	1
148	Y	1
1410	A	3
1410	D	3
1410	E	3
1410	F	2
1410	G	1
1410	H	1
1410	L	1
1410	M	1
1410	N	3
1410	P	1
1410	Q	1
1410	S	1
1410	V	1
1410	W	1
1410	Y	4
150	A	1
150	C	3
150	I	2
150	M	1
150	P	1
150	Q	2
150	S	1
150	W	1
151	A	1
151	D	2
151	E	1
151	F	1
151	G	1
151	I	2
151	L	1
151	M	2
151	P	2
151	Q	2
151	S	2
151	W	1
151	Y	5
152	C	1
152	D	2
152	G	2
152	P	2
152	R	1
152	V	1
152	Y	1
153	A	1
153	D	2
153	F	1
153	G	2
153	I	2
153	N	1
153	P	1
153	Y	2
154	A	1
154	C	1
154	D	1
154	E	1
154	F	2
154	G	1
154	H	3
154	I	1
154	M	1
154	P	1
154	S	1
154	T	1
154	Y	2
155	A	1
155	D	5
155	F	2
155	G	1
155	H	1
155	I	3
155	M	2
155	Q	1
155	R	2
155	S	1
155	T	1
155	V	1
155	Y	4
156	A	1
156	C	1
156	D	2
156	E	1
156	H	1
156	I	1
156	K	1
156	M	1
156	N	1
156	Q	1
156	R	2
156	V	3
156	Y	2
158	A	4
158	C	1
158	D	3
158	E	2
158	I	2
158	K	1
158	L	1
158	N	2
158	P	1
158	R	2
158	T	1
158	V	1
158	Y	1
159	A	3
159	C	1
159	D	1
159	F	1
159	I	1
159	N	3
159	S	1
159	T	1
159	Y	1
1510	A	2
1510	D	4
1510	E	3
1510	F	2
1510	G	1
1510	H	1
1510	L	1
1510	M	1
1510	N	3
1510	P	1
1510	Q	1
1510	S	1
1510	V	1
1510	Y	3
160	A	1
160	C	2
160	I	2
160	P	1
160	Q	2
160	S	1
160	W	1
160	Y	2
161	A	2
161	D	2
161	E	1
161	F	1
161	G	1
161	I	2
161	L	1
161	M	2
161	P	2
161	Q	2
161	S	1
161	Y	5
162	C	1
162	D	2
162	F	1
162	G	1
162	K	1
162	M	1
162	P	2
162	R	1
162	S	1
162	V	1
162	Y	2
163	A	1
163	D	2
163	F	1
163	G	2
163	I	2
163	N	1
163	P	1
163	Y	2
164	A	1
164	C	1
164	D	1
164	E	1
164	F	2
164	H	3
164	I	1
164	M	1
164	P	1
164	S	1
164	T	2
164	Y	2
165	A	1
165	D	5
165	F	2
165	G	1
165	H	1
165	I	2
165	M	3
165	Q	1
165	R	2
165	S	1
165	T	1
165	V	1
165	Y	3
166	A	1
166	C	1
166	D	1
166	E	1
166	H	1
166	I	1
166	M	1
166	N	1
166	Q	1
166	R	2
166	V	3
166	Y	4
169	A	3
169	C	1
169	D	1
169	F	1
169	I	1
169	N	3
169	S	1
169	T	1
169	Y	1
170	A	1
170	C	2
170	I	2
170	M	1
170	P	1
170	Q	2
170	S	1
170	W	1
170	Y	2
171	A	2
171	D	2
171	F	1
171	I	2
171	L	1
171	M	2
171	P	2
171	Q	2
171	S	2
171	W	1
171	Y	5
172	C	1
172	D	2
172	F	1
172	G	2
172	K	1
172	M	1
172	P	2
172	R	1
172	S	1
172	V	1
172	Y	1
173	A	1
173	D	2
173	F	1
173	G	1
173	I	1
173	P	1
173	Y	2
174	C	1
174	D	1
174	E	1
174	F	2
174	G	1
174	H	2
174	I	1
174	M	1
174	P	1
174	S	1
174	T	2
174	Y	1
175	A	2
175	D	6
175	F	2
175	G	1
175	H	1
175	I	3
175	M	2
175	Q	1
175	R	2
175	S	1
175	T	1
175	V	1
175	Y	3
176	A	1
176	C	1
176	D	2
176	E	1
176	H	1
176	I	1
176	K	1
176	M	1
176	N	1
176	Q	1
176	R	2
176	V	3
176	Y	2
1710	A	3
1710	D	4
1710	E	2
1710	F	2
1710	G	1
1710	H	1
1710	L	1
1710	N	3
1710	P	1
1710	Q	1
1710	S	1
1710	V	1
1710	W	1
1710	Y	4
180	A	1
180	C	3
180	I	2
180	M	1
180	P	1
180	Q	2
180	S	1
180	W	1
180	Y	2
181	A	1
181	D	2
181	E	1
181	F	1
181	G	1
181	I	2
181	L	1
181	M	2
181	P	2
181	Q	2
181	S	2
181	W	1
181	Y	5
182	C	1
182	D	2
182	F	1
182	G	2
182	K	1
182	P	2
182	R	1
182	V	1
182	Y	2
183	A	1
183	D	2
183	F	1
183	G	1
183	I	2
183	N	1
183	P	1
183	Y	2
185	A	1
185	D	6
185	F	2
185	G	1
185	H	1
185	I	3
185	M	3
185	Q	1
185	R	2
185	S	1
185	V	1
185	Y	4
187	A	1
187	C	3
187	D	2
187	F	3
187	H	1
187	I	1
187	M	5
187	N	2
187	Q	1
187	R	3
187	V	1
188	A	4
188	C	1
188	D	2
188	E	2
188	I	2
188	K	1
188	L	1
188	N	3
188	P	1
188	R	2
188	T	1
188	V	1
188	Y	1
1810	A	3
1810	D	4
1810	E	3
1810	F	2
1810	G	1
1810	H	1
1810	L	1
1810	M	1
1810	N	3
1810	P	1
1810	Q	1
1810	S	1
1810	V	1
1810	W	1
1810	Y	4
190	A	1
190	C	3
190	I	2
190	M	1
190	P	1
190	Q	2
190	S	1
190	Y	2
191	A	1
191	D	2
191	E	1
191	F	1
191	G	1
191	I	2
191	L	1
191	M	2
191	P	2
191	Q	2
191	S	2
191	Y	4
192	C	1
192	D	2
192	F	1
192	G	2
192	K	1
192	M	1
192	P	2
192	R	1
192	S	1
192	V	1
192	Y	1
193	A	1
193	D	2
193	F	1
193	G	2
193	I	2
193	P	1
193	Y	2
194	A	1
194	C	1
194	D	1
194	E	1
194	F	2
194	G	1
194	H	2
194	I	1
194	M	1
194	S	1
194	T	2
194	Y	2
195	A	1
195	D	5
195	F	2
195	G	1
195	H	1
195	I	3
195	M	2
195	Q	1
195	R	2
195	S	1
195	T	1
195	V	1
195	Y	4
196	A	1
196	D	1
196	E	1
196	H	1
196	I	1
196	K	1
196	M	1
196	N	1
196	Q	1
196	R	2
196	V	3
196	Y	4
200	A	1
200	C	3
200	I	1
200	M	1
200	P	1
200	Q	2
200	S	1
200	W	1
200	Y	2
201	A	2
201	D	1
201	F	1
201	G	1
201	I	2
201	L	1
201	M	2
201	P	2
201	Q	2
201	S	2
201	Y	5
202	C	1
202	D	2
202	F	1
202	G	2
202	K	1
202	M	1
202	P	2
202	R	1
202	V	1
202	Y	2
203	A	1
203	D	2
203	F	1
203	G	2
203	I	2
203	N	1
203	P	1
203	Y	2
204	A	1
204	C	1
204	D	1
204	E	1
204	F	2
204	G	1
204	H	2
204	I	1
204	M	1
204	P	1
204	S	1
204	T	2
204	Y	2
205	A	2
205	D	4
205	F	2
205	G	1
205	H	1
205	I	3
205	M	3
205	Q	1
205	R	2
205	S	1
205	T	1
205	V	1
205	Y	4
206	A	1
206	C	1
206	D	1
206	E	1
206	H	1
206	I	1
206	K	1
206	M	1
206	N	1
206	Q	1
206	R	2
206	V	3
206	Y	4
209	A	2
209	C	1
209	D	1
209	F	1
209	I	1
209	N	2
209	S	1
209	T	1
209	Y	1
210	A	1
210	C	3
210	I	2
210	M	1
210	P	1
210	Q	1
210	S	1
210	W	1
210	Y	2
211	A	2
211	D	2
211	E	1
211	F	1
211	G	1
211	I	1
211	L	1
211	M	2
211	P	2
211	Q	1
211	S	2
211	Y	4
212	C	1
212	F	1
212	G	2
212	K	1
212	P	1
212	R	1
212	S	1
212	V	1
212	Y	2
213	A	1
213	D	2
213	F	1
213	G	1
213	I	2
213	N	1
213	P	1
213	Y	2
214	A	1
214	C	1
214	E	1
214	F	2
214	G	1
214	H	3
214	I	1
214	M	1
214	P	1
214	S	1
214	Y	2
215	A	2
215	D	4
215	F	1
215	H	1
215	I	2
215	M	3
215	Q	1
215	R	1
215	S	1
215	T	1
215	V	1
215	Y	4
216	A	1
216	D	1
216	E	1
216	H	1
216	I	1
216	K	1
216	M	1
216	N	1
216	Q	1
216	R	2
216	V	3
216	Y	4
222	C	1
222	D	1
222	F	1
222	G	2
222	K	1
222	M	1
222	P	1
222	R	1
222	S	1
222	V	1
222	Y	1
223	A	1
223	D	2
223	F	1
223	G	2
223	I	2
223	N	1
223	P	1
223	Y	2
224	A	1
224	C	1
224	D	1
224	E	1
224	F	2
224	G	1
224	H	3
224	I	1
224	M	1
224	P	1
224	S	1
224	T	1
224	Y	2
225	A	2
225	D	5
225	F	2
225	G	1
225	H	1
225	I	2
225	M	3
225	Q	1
225	R	1
225	S	1
225	T	1
225	V	1
225	Y	4
226	A	1
226	C	1
226	D	2
226	E	1
226	H	1
226	I	1
226	K	1
226	M	1
226	N	1
226	Q	1
226	R	1
226	V	2
226	Y	4
227	A	1
227	C	4
227	D	2
227	F	2
227	H	1
227	I	1
227	M	5
227	N	2
227	Q	1
227	R	2
227	V	1
2210	A	3
2210	D	3
2210	E	2
2210	F	2
2210	G	1
2210	H	1
2210	L	1
2210	M	1
2210	N	3
2210	P	1
2210	Q	1
2210	S	1
2210	V	1
2210	W	1
2210	Y	4
230	A	1
230	C	2
230	I	2
230	M	1
230	P	1
230	Q	2
230	S	1
230	W	1
230	Y	2
231	A	2
231	D	1
231	E	1
231	F	1
231	I	2
231	L	1
231	M	2
231	P	1
231	Q	2
231	S	2
231	W	1
231	Y	4
232	D	2
232	F	1
232	G	2
232	K	1
232	M	1
232	P	2
232	R	1
232	S	1
232	V	1
232	Y	2
233	A	1
233	D	2
233	F	1
233	G	1
233	I	2
233	N	1
233	P	1
233	Y	2
234	A	1
234	C	1
234	E	1
234	F	2
234	G	1
234	H	3
234	I	1
234	M	1
234	P	1
234	S	1
234	T	2
234	Y	2
235	A	2
235	D	6
235	F	2
235	G	1
235	H	1
235	I	3
235	M	2
235	Q	1
235	R	2
235	S	1
235	T	1
235	V	1
235	Y	4
236	A	1
236	C	1
236	D	2
236	H	1
236	I	1
236	K	1
236	M	1
236	N	1
236	R	2
236	V	3
236	Y	4
237	C	4
237	D	2
237	F	2
237	H	1
237	I	1
237	M	5
237	N	2
237	Q	1
237	R	3
237	V	1
2310	A	3
2310	D	3
2310	E	2
2310	F	2
2310	G	1
2310	H	1
2310	L	1
2310	M	1
2310	N	3
2310	P	1
2310	Q	1
2310	S	1
2310	V	1
2310	Y	3
240	A	1
240	C	3
240	I	2
240	Q	2
240	S	1
240	Y	2
241	A	2
241	D	1
241	E	1
241	F	1
241	G	1
241	I	2
241	L	1
241	M	2
241	P	2
241	Q	2
241	S	2
241	W	1
241	Y	4
242	C	1
242	D	1
242	F	1
242	G	2
242	K	1
242	M	1
242	P	2
242	R	1
242	S	1
242	Y	2
244	A	1
244	C	1
244	D	1
244	E	1
244	F	2
244	G	1
244	H	1
244	I	1
244	M	1
244	P	1
244	S	1
244	T	2
244	Y	1
246	A	1
246	C	1
246	D	2
246	E	1
246	H	1
246	I	1
246	K	1
246	M	1
246	Q	1
246	R	1
246	V	3
246	Y	3
247	A	1
247	C	3
247	D	1
247	F	3
247	H	1
247	I	1
247	M	4
247	R	3
247	V	1
248	A	4
248	C	1
248	D	2
248	E	1
248	I	2
248	L	1
248	N	1
248	P	1
248	R	2
248	T	1
248	V	1
248	Y	1
251	A	2
251	D	2
251	E	1
251	F	1
251	I	2
251	L	1
251	M	1
251	P	2
251	Q	1
251	S	2
251	W	1
251	Y	5
252	C	1
252	D	2
252	F	1
252	G	2
252	K	1
252	M	1
252	P	2
252	S	1
252	V	1
252	Y	1
253	A	1
253	D	2
253	G	1
253	I	1
253	N	1
253	P	1
253	Y	2
255	A	2
255	D	5
255	F	2
255	G	1
255	H	1
255	I	3
255	M	2
255	Q	1
255	R	1
255	S	1
255	T	1
255	V	1
255	Y	3
256	A	1
256	C	1
256	D	2
256	E	1
256	H	1
256	I	1
256	K	1
256	M	1
256	N	1
256	Q	1
256	R	2
256	V	3
256	Y	3
2510	A	2
2510	D	4
2510	E	3
2510	F	2
2510	G	1
2510	H	1
2510	L	1
2510	N	3
2510	P	1
2510	Q	1
2510	V	1
2510	W	1
2510	Y	2
260	A	1
260	C	3
260	I	2
260	M	1
260	P	1
260	Q	2
260	S	1
260	W	1
260	Y	2
261	A	2
261	D	1
261	E	1
261	F	1
261	G	1
261	I	2
261	L	1
261	M	2
261	P	2
261	Q	2
261	S	2
261	W	1
261	Y	5
263	A	1
263	D	2
263	F	1
263	G	2
263	I	2
263	N	1
263	P	1
263	Y	2
264	A	1
264	C	1
264	D	1
264	E	1
264	F	2
264	G	1
264	H	3
264	I	1
264	M	1
264	S	1
264	T	2
264	Y	2
265	A	2
265	D	6
265	F	2
265	G	1
265	H	1
265	I	2
265	M	1
265	Q	1
265	R	2
265	S	1
265	T	1
265	Y	3
266	A	1
266	C	1
266	D	1
266	I	1
266	K	1
266	M	1
266	N	1
266	Q	1
266	R	1
266	V	2
266	Y	4
268	A	4
268	C	1
268	D	3
268	E	2
268	I	1
268	K	1
268	N	2
268	P	1
268	R	2
268	T	1
268	V	1
268	Y	1
270	A	1
270	C	3
270	I	2
270	M	1
270	P	1
270	Q	2
270	S	1
270	W	1
270	Y	1
272	C	1
272	D	2
272	F	1
272	G	1
272	K	1
272	M	1
272	P	2
272	R	1
272	S	1
272	V	1
272	Y	1
273	A	1
273	D	2
273	F	1
273	G	2
273	I	2
273	N	1
273	P	1
273	Y	2
275	A	2
275	D	6
275	F	2
275	G	1
275	H	1
275	I	3
275	M	3
275	R	1
275	S	1
275	T	1
275	V	1
275	Y	3
276	A	1
276	C	1
276	D	2
276	E	1
276	H	1
276	I	1
276	K	1
276	M	1
276	N	1
276	Q	1
276	R	2
276	V	2
276	Y	2
277	C	4
277	D	2
277	F	3
277	H	1
277	I	1
277	M	4
277	N	1
277	Q	1
277	R	3
277	V	1
278	A	4
278	C	1
278	D	3
278	E	2
278	I	2
278	L	1
278	N	3
278	P	1
278	R	2
278	T	1
278	V	1
278	Y	1
279	A	2
279	C	1
279	D	1
279	F	1
279	I	1
279	N	3
279	S	1
279	T	1
279	Y	1
2710	A	3
2710	D	4
2710	E	3
2710	F	1
2710	G	1
2710	H	1
2710	L	1
2710	M	1
2710	N	3
2710	P	1
2710	Q	1
2710	S	1
2710	V	1
2710	Y	4
280	A	1
280	C	3
280	I	2
280	M	1
280	P	1
280	Q	2
280	S	1
280	Y	2
281	A	2
281	D	1
281	E	1
281	F	1
281	G	1
281	I	2
281	L	1
281	M	2
281	P	2
281	Q	1
281	S	1
281	W	1
281	Y	5
283	A	1
283	D	2
283	F	1
283	G	1
283	I	1
283	N	1
283	P	1
283	Y	2
284	C	1
284	D	1
284	E	1
284	F	2
284	G	1
284	H	3
284	I	1
284	P	1
284	S	1
284	T	2
284	Y	2
285	A	2
285	D	5
285	F	2
285	G	1
285	H	1
285	I	3
285	M	3
285	Q	1
285	R	2
285	S	1
285	T	1
285	V	1
285	Y	4
286	A	1
286	C	1
286	D	1
286	E	1
286	H	1
286	I	1
286	K	1
286	M	1
286	Q	1
286	R	2
286	V	3
286	Y	4
289	A	3
289	C	1
289	D	1
289	I	1
289	N	3
289	S	1
289	T	1
289	Y	1
290	A	1
290	C	3
290	I	1
290	M	1
290	P	1
290	Q	1
290	S	1
290	W	1
290	Y	2
292	C	1
292	D	2
292	F	1
292	G	2
292	K	1
292	M	1
292	P	2
292	R	1
292	S	1
292	V	1
292	Y	2
293	A	1
293	D	2
293	F	1
293	G	2
293	I	1
293	N	1
293	P	1
293	Y	2
294	A	1
294	C	1
294	D	1
294	E	1
294	F	1
294	G	1
294	H	3
294	I	1
294	M	1
294	P	1
294	T	2
294	Y	2
295	A	2
295	D	3
295	F	2
295	G	1
295	H	1
295	I	3
295	M	3
295	Q	1
295	R	2
295	S	1
295	T	1
295	V	1
295	Y	4
296	A	1
296	C	1
296	D	2
296	E	1
296	H	1
296	I	1
296	K	1
296	M	1
296	N	1
296	Q	1
296	R	1
296	V	2
296	Y	4
298	A	3
298	C	1
298	D	2
298	E	2
298	I	2
298	K	1
298	L	1
298	N	3
298	P	1
298	R	2
298	T	1
298	V	1
298	Y	1
300	A	1
300	C	3
300	I	2
300	M	1
300	P	1
300	Q	2
300	S	1
300	W	1
300	Y	2
301	A	2
301	D	2
301	E	1
301	F	1
301	G	1
301	I	2
301	L	1
301	M	1
301	P	2
301	Q	2
301	S	2
301	W	1
301	Y	5
302	C	1
302	D	2
302	F	1
302	G	2
302	K	1
302	M	1
302	P	1
302	R	1
302	S	1
302	V	1
302	Y	1
304	C	1
304	D	1
304	E	1
304	F	2
304	G	1
304	H	2
304	M	1
304	P	1
304	S	1
304	T	2
304	Y	2
306	A	1
306	C	1
306	D	2
306	E	1
306	I	1
306	K	1
306	M	1
306	N	1
306	Q	1
306	R	2
306	V	3
306	Y	4
3010	A	3
3010	D	3
3010	E	2
3010	F	2
3010	G	1
3010	H	1
3010	L	1
3010	M	1
3010	N	3
3010	P	1
3010	Q	1
3010	S	1
3010	V	1
3010	Y	4
310	A	1
310	C	3
310	I	2
310	M	1
310	P	1
310	Q	2
310	S	1
310	W	1
310	Y	2
311	A	2
311	D	2
311	E	1
311	F	1
311	G	1
311	I	2
311	L	1
311	M	2
311	P	2
311	Q	2
311	S	2
311	W	1
311	Y	4
312	C	1
312	D	2
312	F	1
312	G	2
312	K	1
312	M	1
312	P	2
312	R	1
312	S	1
312	Y	2
313	A	1
313	D	1
313	F	1
313	G	2
313	I	2
313	N	1
313	P	1
313	Y	1
314	A	1
314	C	1
314	D	1
314	E	1
314	F	2
314	G	1
314	H	2
314	I	1
314	M	1
314	P	1
314	S	1
314	T	2
314	Y	2
315	A	2
315	D	6
315	F	2
315	G	1
315	H	1
315	I	3
315	M	3
315	Q	1
315	R	2
315	S	1
315	T	1
315	V	1
315	Y	2
316	A	1
316	C	1
316	D	2
316	E	1
316	H	1
316	I	1
316	M	1
316	N	1
316	Q	1
316	R	2
316	V	3
316	Y	3
317	A	1
317	C	3
317	D	2
317	F	3
317	H	1
317	I	1
317	M	5
317	N	2
317	R	3
317	V	1
318	A	4
318	C	1
318	D	3
318	E	2
318	I	2
318	K	1
318	L	1
318	N	3
318	P	1
318	R	2
318	T	1
318	V	1
318	Y	1
320	A	1
320	C	2
320	I	2
320	M	1
320	P	1
320	Q	2
320	W	1
320	Y	2
321	A	1
321	D	2
321	E	1
321	F	1
321	G	1
321	I	2
321	L	1
321	M	2
321	Q	2
321	S	2
321	W	1
321	Y	3
322	C	1
322	D	2
322	F	1
322	G	2
322	K	1
322	M	1
322	P	2
322	R	1
322	S	1
322	V	1
322	Y	2
323	A	1
323	D	2
323	F	1
323	G	2
323	I	2
323	N	1
323	P	1
323	Y	2
324	A	1
324	C	1
324	D	1
324	E	1
324	F	2
324	G	1
324	H	3
324	I	1
324	M	1
324	P	1
324	S	1
324	T	1
324	Y	2
325	A	2
325	D	6
325	F	2
325	G	1
325	I	3
325	M	2
325	Q	1
325	R	2
325	S	1
325	T	1
325	V	1
325	Y	3
326	A	1
326	C	1
326	D	1
326	E	1
326	H	1
326	I	1
326	K	1
326	M	1
326	N	1
326	Q	1
326	R	1
326	V	3
326	Y	3
327	A	1
327	C	4
327	D	2
327	F	3
327	H	1
327	I	1
327	M	5
327	N	1
327	Q	1
327	R	2
327	V	1
328	A	4
328	C	1
328	D	3
328	E	2
328	I	2
328	K	1
328	N	2
328	P	1
328	R	1
328	T	1
328	V	1
328	Y	1
3210	A	3
3210	D	4
3210	E	3
3210	F	2
3210	G	1
3210	H	1
3210	L	1
3210	M	1
3210	N	3
3210	P	1
3210	Q	1
3210	S	1
3210	V	1
3210	W	1
3210	Y	4
330	A	1
330	C	3
330	I	2
330	M	1
330	P	1
330	Q	2
330	S	1
330	W	1
330	Y	2
331	A	2
331	D	2
331	E	1
331	F	1
331	G	1
331	I	2
331	L	1
331	M	1
331	P	2
331	Q	2
331	S	1
331	W	1
331	Y	5
332	D	2
332	F	1
332	G	2
332	K	1
332	M	1
332	P	1
332	S	1
332	V	1
332	Y	2
333	A	1
333	D	2
333	F	1
333	G	2
333	I	2
333	N	1
333	P	1
333	Y	2
334	A	1
334	C	1
334	D	1
334	E	1
334	F	2
334	G	1
334	H	3
334	I	1
334	M	1
334	P	1
334	S	1
334	T	2
334	Y	2
335	A	2
335	D	6
335	F	1
335	G	1
335	H	1
335	I	3
335	M	2
335	R	2
335	S	1
335	T	1
335	V	1
335	Y	3
3310	A	3
3310	D	4
3310	E	3
3310	F	1
3310	G	1
3310	H	1
3310	L	1
3310	M	1
3310	N	3
3310	Q	1
3310	S	1
3310	V	1
3310	Y	3
340	C	3
340	I	2
340	M	1
340	P	1
340	Q	2
340	S	1
340	W	1
340	Y	1
341	A	2
341	D	2
341	E	1
341	F	1
341	I	2
341	L	1
341	M	1
341	P	2
341	Q	2
341	S	1
341	W	1
341	Y	4
342	C	1
342	D	2
342	F	1
342	G	2
342	K	1
342	M	1
342	P	2
342	S	1
342	V	1
342	Y	2
343	A	1
343	D	2
343	F	1
343	G	2
343	I	2
343	N	1
343	P	1
343	Y	1
344	A	1
344	C	1
344	D	1
344	E	1
344	F	1
344	G	1
344	H	3
344	I	1
344	P	1
344	S	1
344	T	2
344	Y	2
345	A	2
345	D	6
345	F	2
345	H	1
345	I	3
345	M	3
345	Q	1
345	R	2
345	S	1
345	T	1
345	V	1
345	Y	3
346	A	1
346	C	1
346	D	2
346	E	1
346	H	1
346	K	1
346	M	1
346	N	1
346	Q	1
346	R	2
346	V	3
346	Y	4
348	A	3
348	C	1
348	D	3
348	E	2
348	I	2
348	L	1
348	N	2
348	P	1
348	R	2
348	T	1
348	V	1
348	Y	1
349	A	3
349	C	1
349	D	1
349	F	1
349	I	1
349	N	2
349	S	1
349	T	1
349	Y	1
3410	A	3
3410	D	4
3410	E	2
3410	F	2
3410	G	1
3410	H	1
3410	L	1
3410	M	1
3410	N	3
3410	P	1
3410	Q	1
3410	S	1
3410	V	1
3410	Y	3
350	A	1
350	C	3
350	I	2
350	M	1
350	P	1
350	Q	2
350	S	1
350	W	1
350	Y	1
351	A	2
351	D	1
351	E	1
351	F	1
351	G	1
351	I	2
351	L	1
351	M	2
351	P	2
351	Q	2
351	S	2
351	W	1
351	Y	4
352	C	1
352	D	2
352	F	1
352	G	2
352	K	1
352	M	1
352	P	2
352	R	1
352	S	1
352	V	1
352	Y	1
353	A	1
353	D	2
353	G	2
353	I	2
353	N	1
353	P	1
353	Y	2
354	A	1
354	C	1
354	D	1
354	E	1
354	F	2
354	G	1
354	H	2
354	I	1
354	M	1
354	P	1
354	T	2
354	Y	2
355	A	2
355	D	5
355	F	1
355	G	1
355	H	1
355	I	3
355	M	1
355	R	2
355	S	1
355	T	1
355	V	1
355	Y	3
356	A	1
356	C	1
356	D	2
356	E	1
356	H	1
356	I	1
356	K	1
356	M	1
356	N	1
356	Q	1
356	R	2
356	V	3
356	Y	3
358	A	3
358	D	2
358	E	2
358	I	1
358	K	1
358	L	1
358	N	3
358	P	1
358	R	2
358	T	1
358	Y	1
3510	A	3
3510	D	4
3510	E	3
3510	F	2
3510	G	1
3510	H	1
3510	M	1
3510	N	3
3510	P	1
3510	Q	1
3510	S	1
3510	V	1
3510	W	1
3510	Y	3
360	A	1
360	C	3
360	I	2
360	M	1
360	P	1
360	Q	2
360	S	1
360	W	1
360	Y	2
361	A	2
361	D	2
361	E	1
361	F	1
361	G	1
361	I	1
361	L	1
361	M	2
361	P	2
361	Q	2
361	S	2
361	W	1
361	Y	5
362	C	1
362	D	2
362	F	1
362	G	2
362	K	1
362	P	2
362	R	1
362	S	1
362	V	1
362	Y	2
363	A	1
363	D	2
363	G	2
363	I	2
363	N	1
363	P	1
363	Y	1
365	A	2
365	D	6
365	F	2
365	G	1
365	H	1
365	I	3
365	M	3
365	Q	1
365	R	1
365	S	1
365	T	1
365	V	1
365	Y	4
366	A	1
366	D	2
366	E	1
366	H	1
366	I	1
366	K	1
366	M	1
366	N	1
366	Q	1
366	R	2
366	V	3
366	Y	3
367	A	1
367	C	2
367	D	2
367	F	3
367	H	1
367	I	1
367	M	5
367	N	2
367	Q	1
367	R	3
370	C	3
370	I	1
370	M	1
370	P	1
370	Q	2
370	W	1
370	Y	1
371	A	2
371	D	2
371	E	1
371	F	1
371	G	1
371	I	2
371	L	1
371	M	2
371	P	2
371	Q	2
371	S	2
371	W	1
371	Y	4
372	C	1
372	D	2
372	F	1
372	G	2
372	K	1
372	M	1
372	P	2
372	R	1
372	V	1
372	Y	2
373	A	1
373	D	2
373	F	1
373	G	2
373	I	1
373	N	1
373	P	1
373	Y	2
374	A	1
374	C	1
374	D	1
374	E	1
374	F	2
374	G	1
374	H	3
374	I	1
374	M	1
374	P	1
374	S	1
374	T	1
374	Y	2
375	A	2
375	D	5
375	F	2
375	G	1
375	H	1
375	I	3
375	M	2
375	R	2
375	S	1
375	T	1
375	V	1
375	Y	3
376	A	1
376	C	1
376	D	2
376	E	1
376	H	1
376	I	1
376	K	1
376	M	1
376	N	1
376	Q	1
376	R	2
376	V	2
376	Y	4
377	A	1
377	C	3
377	D	1
377	F	2
377	I	1
377	M	4
377	N	2
377	R	3
377	V	1
378	A	4
378	D	3
378	E	2
378	I	2
378	K	1
378	L	1
378	N	3
378	P	1
378	R	2
378	T	1
378	V	1
378	Y	1
379	A	3
379	C	1
379	D	1
379	F	1
379	I	1
379	N	3
379	S	1
379	T	1
379	Y	1
3710	A	3
3710	D	4
3710	E	3
3710	F	2
3710	G	1
3710	H	1
3710	L	1
3710	M	1
3710	N	2
3710	P	1
3710	Q	1
3710	S	1
3710	W	1
3710	Y	4
380	A	1
380	C	3
380	I	2
380	M	1
380	P	1
380	Q	1
380	W	1
380	Y	2
381	A	2
381	D	2
381	E	1
381	F	1
381	G	1
381	I	2
381	L	1
381	M	2
381	P	2
381	Q	1
381	S	2
381	W	1
381	Y	5
382	C	1
382	D	2
382	F	1
382	G	2
382	K	1
382	M	1
382	P	2
382	R	1
382	S	1
382	V	1
382	Y	2
383	A	1
383	D	2
383	G	2
383	I	1
383	N	1
383	P	1
383	Y	1
384	A	1
384	C	1
384	D	1
384	E	1
384	F	2
384	G	1
384	H	3
384	I	1
384	M	1
384	P	1
384	S	1
384	T	2
384	Y	2
385	A	2
385	D	5
385	G	1
385	H	1
385	I	3
385	M	3
385	R	2
385	S	1
385	T	1
385	V	1
385	Y	4
386	A	1
386	D	2
386	E	1
386	H	1
386	I	1
386	K	1
386	M	1
386	Q	1
386	R	2
386	V	2
386	Y	4
387	A	1
387	C	3
387	D	2
387	F	3
387	H	1
387	I	1
387	M	2
387	N	2
387	Q	1
387	R	3
387	V	1
389	A	3
389	D	1
389	F	1
389	I	1
389	N	3
389	S	1
389	T	1
389	Y	1
3810	A	3
3810	D	4
3810	E	2
3810	F	2
3810	G	1
3810	H	1
3810	L	1
3810	M	1
3810	N	3
3810	P	1
3810	Q	1
3810	S	1
3810	V	1
3810	W	1
3810	Y	3
390	C	2
390	I	2
390	P	1
390	Q	2
390	S	1
390	W	1
390	Y	2
391	A	2
391	D	2
391	E	1
391	F	1
391	G	1
391	I	2
391	M	2
391	P	2
391	Q	2
391	S	2
391	W	1
391	Y	5
392	C	1
392	D	2
392	F	1
392	G	2
392	K	1
392	M	1
392	P	2
392	R	1
392	S	1
392	V	1
392	Y	1
393	A	1
393	D	2
393	F	1
393	G	2
393	I	2
393	N	1
393	P	1
393	Y	2
394	A	1
394	C	1
394	D	1
394	E	1
394	F	2
394	G	1
394	H	3
394	I	1
394	M	1
394	P	1
394	S	1
394	T	2
394	Y	2
396	A	1
396	C	1
396	D	2
396	E	1
396	I	1
396	K	1
396	N	1
396	Q	1
396	R	2
396	V	3
396	Y	3
397	A	1
397	C	3
397	D	2
397	F	3
397	H	1
397	I	1
397	M	5
397	N	2
397	Q	1
397	R	2
397	V	1
398	A	3
398	C	1
398	D	3
398	E	1
398	I	1
398	K	1
398	L	1
398	N	3
398	P	1
398	R	2
398	T	1
398	V	1
398	Y	1
3910	A	3
3910	D	4
3910	E	3
3910	F	2
3910	G	1
3910	H	1
3910	L	1
3910	M	1
3910	N	3
3910	P	1
3910	Q	1
3910	S	1
3910	V	1
3910	W	1
3910	Y	4
401	A	2
401	D	2
401	E	1
401	F	1
401	G	1
401	I	2
401	L	1
401	M	2
401	P	2
401	Q	2
401	S	2
401	W	1
401	Y	4
402	C	1
402	D	1
402	F	1
402	G	2
402	M	1
402	P	2
402	R	1
402	S	1
402	V	1
402	Y	2
403	A	1
403	D	1
403	F	1
403	G	2
403	I	2
403	N	1
403	P	1
403	Y	2
404	A	1
404	C	1
404	D	1
404	E	1
404	F	1
404	G	1
404	H	3
404	I	1
404	M	1
404	P	1
404	S	1
404	T	2
404	Y	2
405	A	2
405	D	6
405	F	2
405	G	1
405	H	1
405	I	2
405	M	3
405	Q	1
405	R	2
405	S	1
405	T	1
405	Y	2
406	A	1
406	D	2
406	E	1
406	H	1
406	I	1
406	M	1
406	N	1
406	Q	1
406	R	2
406	V	3
406	Y	4
408	A	4
408	C	1
408	D	1
408	E	2
408	I	2
408	K	1
408	L	1
408	N	2
408	P	1
408	R	2
408	T	1
408	V	1
408	Y	1
409	A	2
409	C	1
409	D	1
409	F	1
409	I	1
409	N	2
409	S	1
409	T	1
409	Y	1
4010	A	3
4010	D	4
4010	E	3
4010	F	2
4010	H	1
4010	L	1
4010	M	1
4010	N	3
4010	P	1
4010	Q	1
4010	V	1
4010	W	1
4010	Y	3
410	C	2
410	I	2
410	M	1
410	P	1
410	Q	2
410	W	1
410	Y	2
411	A	1
411	D	2
411	E	1
411	F	1
411	G	1
411	I	1
411	L	1
411	M	2
411	P	2
411	Q	1
411	S	2
411	Y	4
412	C	1
412	D	2
412	F	1
412	G	2
412	K	1
412	M	1
412	P	2
412	R	1
412	S	1
412	V	1
412	Y	2
413	A	1
413	D	2
413	F	1
413	G	2
413	I	1
413	N	1
413	P	1
413	Y	2
414	A	1
414	D	1
414	E	1
414	F	2
414	G	1
414	H	3
414	I	1
414	P	1
414	S	1
414	T	2
414	Y	2
415	A	1
415	D	6
415	F	2
415	H	1
415	I	3
415	M	3
415	Q	1
415	R	2
415	S	1
415	T	1
415	Y	2
416	C	1
416	D	2
416	E	1
416	H	1
416	I	1
416	K	1
416	M	1
416	N	1
416	Q	1
416	R	2
416	V	3
416	Y	4
419	A	3
419	C	1
419	D	1
419	F	1
419	I	1
419	N	3
419	S	1
419	T	1
419	Y	1
4110	A	3
4110	D	4
4110	E	3
4110	F	2
4110	G	1
4110	H	1
4110	L	1
4110	N	3
4110	P	1
4110	Q	1
4110	V	1
4110	W	1
4110	Y	3
420	A	1
420	C	3
420	I	2
420	M	1
420	P	1
420	Q	1
420	S	1
420	W	1
420	Y	2
421	A	1
421	D	2
421	E	1
421	G	1
421	I	2
421	L	1
421	M	2
421	P	2
421	Q	2
421	S	1
421	W	1
421	Y	5
422	C	1
422	D	2
422	F	1
422	G	2
422	K	1
422	M	1
422	P	2
422	R	1
422	S	1
422	V	1
422	Y	2
423	A	1
423	D	2
423	G	2
423	I	2
423	P	1
423	Y	2
424	A	1
424	C	1
424	D	1
424	E	1
424	F	2
424	G	1
424	H	2
424	I	1
424	M	1
424	P	1
424	S	1
424	T	2
424	Y	2
425	A	1
425	D	5
425	F	2
425	G	1
425	H	1
425	I	3
425	M	2
425	Q	1
425	R	1
425	S	1
425	T	1
425	V	1
425	Y	4
426	A	1
426	C	1
426	D	2
426	E	1
426	H	1
426	I	1
426	M	1
426	N	1
426	Q	1
426	R	2
426	V	3
426	Y	3
427	A	1
427	C	4
427	D	2
427	F	3
427	H	1
427	I	1
427	M	4
427	N	2
427	Q	1
427	R	2
4210	A	3
4210	D	4
4210	E	3
4210	F	2
4210	G	1
4210	H	1
4210	L	1
4210	M	1
4210	N	3
4210	P	1
4210	Q	1
4210	S	1
4210	V	1
4210	Y	4
430	A	1
430	C	3
430	I	2
430	M	1
430	P	1
430	Q	2
430	S	1
430	W	1
430	Y	2
431	A	2
431	D	2
431	E	1
431	F	1
431	G	1
431	I	2
431	L	1
431	M	2
431	P	2
431	Q	1
431	S	2
431	W	1
431	Y	4
432	D	2
432	F	1
432	G	2
432	K	1
432	M	1
432	P	2
432	S	1
432	V	1
432	Y	1
433	A	1
433	D	2
433	F	1
433	G	2
433	I	2
433	N	1
433	P	1
433	Y	2
434	A	1
434	C	1
434	E	1
434	F	2
434	G	1
434	H	3
434	I	1
434	M	1
434	P	1
434	S	1
434	T	2
434	Y	2
435	A	2
435	D	6
435	F	2
435	G	1
435	I	3
435	M	3
435	Q	1
435	R	2
435	S	1
435	V	1
435	Y	4
436	C	1
436	D	2
436	E	1
436	H	1
436	I	1
436	K	1
436	M	1
436	N	1
436	Q	1
436	R	2
436	V	3
436	Y	3
438	A	2
438	C	1
438	D	3
438	E	2
438	I	2
438	K	1
438	L	1
438	N	3
438	P	1
438	R	2
438	T	1
438	V	1
438	Y	1
439	A	3
439	C	1
439	D	1
439	F	1
439	I	1
439	N	3
439	S	1
439	T	1
439	Y	1
4310	A	3
4310	D	4
4310	E	3
4310	F	2
4310	H	1
4310	M	1
4310	N	1
4310	P	1
4310	Q	1
4310	V	1
4310	W	1
4310	Y	3
440	C	3
440	I	2
440	M	1
440	P	1
440	Q	2
440	S	1
440	W	1
440	Y	2
441	A	2
441	D	2
441	F	1
441	G	1
441	I	2
441	M	2
441	P	2
441	Q	2
441	S	2
441	W	1
441	Y	4
442	C	1
442	D	1
442	F	1
442	G	2
442	K	1
442	M	1
442	P	2
442	R	1
442	S	1
442	V	1
442	Y	2
443	A	1
443	D	2
443	F	1
443	G	1
443	I	2
443	N	1
443	P	1
443	Y	2
444	A	1
444	C	1
444	D	1
444	E	1
444	F	2
444	G	1
444	H	3
444	I	1
444	M	1
444	P	1
444	S	1
444	T	1
444	Y	2
445	A	2
445	D	5
445	F	2
445	G	1
445	I	2
445	M	2
445	Q	1
445	R	2
445	S	1
445	T	1
445	V	1
445	Y	3
446	A	1
446	C	1
446	D	1
446	E	1
446	H	1
446	I	1
446	M	1
446	N	1
446	Q	1
446	R	2
446	V	3
446	Y	4
447	A	1
447	C	1
447	D	2
447	F	3
447	H	1
447	I	1
447	M	4
447	N	2
447	Q	1
447	R	3
447	V	1
4410	A	3
4410	D	3
4410	E	3
4410	F	2
4410	G	1
4410	H	1
4410	L	1
4410	M	1
4410	N	3
4410	Q	1
4410	S	1
4410	V	1
4410	W	1
4410	Y	3
450	A	1
450	C	2
450	I	2
450	P	1
450	Q	2
450	S	1
450	W	1
450	Y	2
451	A	2
451	D	2
451	E	1
451	G	1
451	I	2
451	L	1
451	M	2
451	P	2
451	Q	2
451	S	2
451	W	1
451	Y	5
452	C	1
452	D	2
452	F	1
452	G	2
452	K	1
452	M	1
452	P	2
452	R	1
452	S	1
452	V	1
452	Y	2
454	A	1
454	C	1
454	D	1
454	E	1
454	F	2
454	G	1
454	H	3
454	I	1
454	M	1
454	P	1
454	S	1
454	T	1
454	Y	2
455	A	1
455	D	6
455	F	2
455	G	1
455	H	1
455	I	3
455	M	3
455	Q	1
455	R	2
455	S	1
455	T	1
455	Y	4
456	D	2
456	E	1
456	H	1
456	K	1
456	N	1
456	Q	1
456	R	2
456	V	3
456	Y	3
457	A	1
457	C	4
457	D	2
457	F	3
457	H	1
457	I	1
457	M	5
457	N	2
457	Q	1
457	R	3
457	V	1
459	A	3
459	C	1
459	D	1
459	F	1
459	I	1
459	N	3
459	S	1
459	Y	1
460	A	1
460	C	3
460	I	1
460	M	1
460	P	1
460	Q	2
460	S	1
460	W	1
460	Y	2
462	C	1
462	D	2
462	F	1
462	G	2
462	K	1
462	M	1
462	P	2
462	R	1
462	S	1
462	V	1
462	Y	2
463	A	1
463	D	1
463	F	1
463	G	2
463	I	2
463	N	1
463	P	1
463	Y	2
464	A	1
464	C	1
464	E	1
464	F	1
464	G	1
464	H	3
464	I	1
464	M	1
464	P	1
464	S	1
464	T	1
464	Y	2
465	A	2
465	D	6
465	F	2
465	G	1
465	H	1
465	I	3
465	M	3
465	Q	1
465	R	2
465	S	1
465	T	1
465	V	1
465	Y	4
466	A	1
466	C	1
466	D	2
466	E	1
466	H	1
466	I	1
466	K	1
466	M	1
466	N	1
466	Q	1
466	R	1
466	V	3
466	Y	4
467	A	1
467	C	2
467	D	2
467	F	3
467	H	1
467	M	4
467	N	2
467	Q	1
467	R	3
467	V	1
468	A	4
468	C	1
468	D	3
468	E	2
468	I	2
468	K	1
468	N	3
468	P	1
468	R	2
468	T	1
468	Y	1
4610	A	3
4610	D	2
4610	E	2
4610	F	2
4610	G	1
4610	H	1
4610	L	1
4610	M	1
4610	N	3
4610	P	1
4610	Q	1
4610	S	1
4610	V	1
4610	W	1
4610	Y	4
470	A	1
470	C	3
470	I	2
470	P	1
470	Q	2
470	S	1
470	W	1
470	Y	2
471	A	2
471	D	1
471	E	1
471	F	1
471	G	1
471	I	2
471	L	1
471	M	1
471	P	2
471	Q	2
471	S	2
471	W	1
471	Y	5
472	D	1
472	F	1
472	G	2
472	K	1
472	M	1
472	S	1
472	V	1
472	Y	2
473	A	1
473	D	2
473	F	1
473	G	2
473	I	2
473	N	1
473	P	1
473	Y	1
475	A	2
475	D	5
475	F	2
475	G	1
475	H	1
475	I	3
475	M	3
475	Q	1
475	R	1
475	S	1
475	T	1
475	Y	3
476	A	1
476	D	2
476	E	1
476	H	1
476	K	1
476	M	1
476	N	1
476	Q	1
476	R	1
476	V	3
476	Y	4
477	C	4
477	D	2
477	F	3
477	H	1
477	I	1
477	M	4
477	N	2
477	Q	1
477	R	3
477	V	1
4710	A	3
4710	D	4
4710	E	3
4710	F	2
4710	G	1
4710	L	1
4710	M	1
4710	N	3
4710	P	1
4710	S	1
4710	W	1
4710	Y	4
481	A	2
481	D	2
481	E	1
481	F	1
481	G	1
481	I	2
481	L	1
481	M	2
481	P	2
481	Q	1
481	S	2
481	W	1
481	Y	4
482	C	1
482	D	2
482	F	1
482	G	2
482	K	1
482	M	1
482	P	2
482	R	1
482	S	1
482	V	1
482	Y	1
483	A	1
483	D	2
483	F	1
483	G	1
483	I	2
483	N	1
483	Y	2
484	A	1
484	C	1
484	E	1
484	F	2
484	G	1
484	H	3
484	I	1
484	M	1
484	P	1
484	S	1
484	T	1
484	Y	2
485	A	2
485	D	6
485	F	2
485	G	1
485	H	1
485	I	3
485	M	3
485	Q	1
485	R	2
485	S	1
485	T	1
485	V	1
485	Y	2
486	A	1
486	C	1
486	D	2
486	E	1
486	H	1
486	I	1
486	K	1
486	M	1
486	N	1
486	Q	1
486	R	2
486	V	3
486	Y	4
487	A	1
487	C	4
487	D	2
487	F	3
487	H	1
487	I	1
487	M	5
487	N	2
487	Q	1
487	R	3
487	V	1
4810	A	3
4810	D	3
4810	E	3
4810	F	2
4810	G	1
4810	H	1
4810	L	1
4810	M	1
4810	N	3
4810	P	1
4810	Q	1
4810	S	1
4810	V	1
4810	W	1
4810	Y	4
490	A	1
490	C	2
490	I	2
490	M	1
490	P	1
490	Q	1
490	S	1
490	W	1
490	Y	2
491	A	2
491	D	2
491	E	1
491	F	1
491	G	1
491	I	2
491	L	1
491	M	2
491	P	2
491	Q	2
491	S	1
491	W	1
491	Y	4
492	C	1
492	D	2
492	F	1
492	G	2
492	K	1
492	M	1
492	P	2
492	R	1
492	S	1
492	V	1
492	Y	1
493	A	1
493	D	2
493	F	1
493	G	2
493	I	2
493	N	1
493	P	1
493	Y	2
494	A	1
494	C	1
494	D	1
494	E	1
494	F	2
494	G	1
494	H	3
494	I	1
494	M	1
494	P	1
494	S	1
494	T	2
494	Y	1
495	A	1
495	D	6
495	F	2
495	G	1
495	H	1
495	I	2
495	M	3
495	Q	1
495	R	2
495	S	1
495	T	1
495	V	1
495	Y	3
496	A	1
496	C	1
496	D	2
496	E	1
496	H	1
496	I	1
496	K	1
496	M	1
496	N	1
496	R	1
496	V	3
496	Y	3
499	A	3
499	C	1
499	D	1
499	F	1
499	I	1
499	N	3
499	S	1
499	T	1
499	Y	1
4910	A	3
4910	D	1
4910	E	3
4910	F	2
4910	G	1
4910	H	1
4910	L	1
4910	M	1
4910	N	2
4910	P	1
4910	Q	1
4910	S	1
4910	V	1
4910	W	1
4910	Y	4
500	A	1
500	C	3
500	I	2
500	M	1
500	Q	2
500	S	1
500	W	1
500	Y	2
501	A	2
501	D	2
501	E	1
501	F	1
501	G	1
501	I	2
501	L	1
501	M	2
501	P	2
501	Q	1
501	S	2
501	W	1
501	Y	5
502	C	1
502	D	2
502	F	1
502	G	2
502	K	1
502	M	1
502	P	1
502	R	1
502	S	1
502	V	1
502	Y	2
503	A	1
503	D	2
503	F	1
503	G	2
503	I	2
503	N	1
503	P	1
503	Y	2
504	C	1
504	D	1
504	E	1
504	F	2
504	G	1
504	H	2
504	I	1
504	M	1
504	P	1
504	S	1
504	T	1
504	Y	2
505	A	2
505	D	6
505	F	2
505	G	1
505	H	1
505	I	3
505	M	3
505	Q	1
505	R	1
505	S	1
505	T	1
505	V	1
505	Y	4
506	A	1
506	C	1
506	D	2
506	E	1
506	H	1
506	I	1
506	K	1
506	M	1
506	N	1
506	Q	1
506	R	1
506	V	2
506	Y	3
507	A	1
507	C	3
507	D	1
507	F	3
507	H	1
507	I	1
507	M	4
507	N	2
507	Q	1
507	R	3
507	V	1
509	A	3
509	C	1
509	D	1
509	F	1
509	I	1
509	N	2
509	S	1
509	T	1
510	A	1
510	C	1
510	I	2
510	M	1
510	P	1
510	Q	1
510	S	1
510	W	1
510	Y	1
511	A	2
511	D	2
511	E	1
511	F	1
511	I	2
511	L	1
511	M	2
511	P	2
511	Q	2
511	S	2
511	W	1
511	Y	5
512	C	1
512	D	1
512	F	1
512	G	2
512	K	1
512	M	1
512	P	2
512	R	1
512	S	1
512	V	1
512	Y	2
513	A	1
513	D	2
513	F	1
513	G	2
513	I	2
513	N	1
513	P	1
513	Y	2
514	A	1
514	C	1
514	D	1
514	E	1
514	F	2
514	G	1
514	H	2
514	I	1
514	M	1
514	P	1
514	S	1
514	T	1
514	Y	1
515	A	2
515	D	5
515	F	2
515	G	1
515	H	1
515	I	3
515	M	3
515	Q	1
515	R	2
515	T	1
515	V	1
515	Y	4
518	A	4
518	C	1
518	D	3
518	E	2
518	I	2
518	K	1
518	L	1
518	N	2
518	P	1
518	R	1
518	T	1
518	V	1
518	Y	1
519	A	3
519	C	1
519	D	1
519	I	1
519	N	3
519	S	1
519	T	1
519	Y	1
520	A	1
520	C	3
520	I	2
520	M	1
520	P	1
520	Q	1
520	S	1
520	W	1
520	Y	1
521	A	2
521	D	2
521	E	1
521	F	1
521	G	1
521	I	2
521	L	1
521	M	2
521	P	2
521	Q	2
521	S	2
521	W	1
521	Y	4
522	D	2
522	F	1
522	G	2
522	K	1
522	M	1
522	P	2
522	R	1
522	S	1
522	V	1
522	Y	2
523	A	1
523	D	2
523	F	1
523	G	2
523	I	2
523	N	1
523	P	1
523	Y	2
524	A	1
524	C	1
524	D	1
524	E	1
524	F	2
524	G	1
524	H	2
524	I	1
524	P	1
524	S	1
524	T	1
524	Y	1
525	A	2
525	D	5
525	F	2
525	G	1
525	H	1
525	I	3
525	M	3
525	Q	1
525	R	2
525	S	1
525	T	1
525	Y	3
526	A	1
526	D	2
526	E	1
526	H	1
526	K	1
526	M	1
526	N	1
526	Q	1
526	R	2
526	V	3
526	Y	4
527	A	1
527	C	4
527	D	2
527	F	3
527	H	1
527	I	1
527	M	4
527	N	2
527	R	2
527	V	1
529	A	3
529	C	1
529	D	1
529	F	1
529	I	1
529	N	2
529	S	1
529	T	1
529	Y	1
5210	A	3
5210	D	3
5210	E	3
5210	F	2
5210	G	1
5210	H	1
5210	L	1
5210	M	1
5210	N	3
5210	P	1
5210	Q	1
5210	S	1
5210	V	1
5210	W	1
5210	Y	4
530	A	1
530	C	3
530	I	2
530	M	1
530	Q	2
530	S	1
530	Y	2
531	A	2
531	D	2
531	E	1
531	F	1
531	I	2
531	L	1
531	M	2
531	P	2
531	Q	2
531	S	2
531	Y	4
532	D	2
532	G	2
532	P	2
532	R	1
532	S	1
532	V	1
532	Y	2
533	A	1
533	D	2
533	F	1
533	G	1
533	I	2
533	Y	2
534	A	1
534	C	1
534	D	1
534	E	1
534	F	2
534	G	1
534	H	3
534	I	1
534	M	1
534	P	1
534	S	1
534	T	2
534	Y	2
535	A	2
535	D	6
535	F	2
535	G	1
535	H	1
535	I	3
535	M	3
535	Q	1
535	R	2
535	S	1
535	T	1
535	V	1
535	Y	4
536	A	1
536	C	1
536	D	2
536	E	1
536	H	1
536	I	1
536	K	1
536	M	1
536	N	1
536	Q	1
536	R	1
536	V	2
536	Y	3
538	A	3
538	C	1
538	D	2
538	E	2
538	I	2
538	K	1
538	N	2
538	R	2
538	T	1
538	V	1
539	A	2
539	D	1
539	F	1
539	I	1
539	N	3
539	S	1
539	T	1
539	Y	1
540	A	1
540	C	3
540	I	1
540	M	1
540	P	1
540	Q	2
540	S	1
540	W	1
540	Y	2
541	A	2
541	D	2
541	E	1
541	F	1
541	G	1
541	I	1
541	L	1
541	M	2
541	P	2
541	Q	2
541	S	2
541	W	1
541	Y	3
543	A	1
543	D	2
543	F	1
543	G	2
543	I	2
543	N	1
543	P	1
543	Y	1
544	A	1
544	C	1
544	D	1
544	E	1
544	F	1
544	G	1
544	H	3
544	I	1
544	M	1
544	S	1
544	T	2
544	Y	2
545	A	2
545	D	4
545	F	2
545	G	1
545	H	1
545	I	3
545	M	3
545	Q	1
545	R	2
545	S	1
545	T	1
545	V	1
545	Y	4
546	A	1
546	C	1
546	D	1
546	E	1
546	H	1
546	I	1
546	M	1
546	Q	1
546	R	2
546	V	3
546	Y	4
549	A	3
549	F	1
549	I	1
549	N	2
549	S	1
549	Y	1
5410	A	3
5410	D	2
5410	E	3
5410	F	2
5410	G	1
5410	H	1
5410	L	1
5410	M	1
5410	N	3
5410	P	1
5410	Q	1
5410	S	1
5410	V	1
5410	W	1
5410	Y	2
550	A	1
550	C	3
550	I	2
550	M	1
550	P	1
550	Q	2
550	S	1
550	W	1
550	Y	2
551	A	1
551	D	2
551	E	1
551	F	1
551	G	1
551	I	2
551	L	1
551	M	2
551	P	2
551	Q	2
551	S	2
551	W	1
551	Y	5
552	C	1
552	D	2
552	F	1
552	G	2
552	K	1
552	M	1
552	P	2
552	R	1
552	S	1
552	V	1
552	Y	2
553	A	1
553	D	2
553	F	1
553	G	2
553	I	2
553	N	1
553	P	1
553	Y	1
554	A	1
554	C	1
554	E	1
554	F	2
554	G	1
554	H	2
554	I	1
554	M	1
554	S	1
554	T	1
554	Y	2
555	A	2
555	D	6
555	F	2
555	G	1
555	H	1
555	I	2
555	M	3
555	Q	1
555	R	2
555	S	1
555	T	1
555	V	1
555	Y	3
556	C	1
556	D	2
556	E	1
556	H	1
556	I	1
556	K	1
556	M	1
556	N	1
556	Q	1
556	R	2
556	V	3
556	Y	4
557	A	1
557	C	4
557	D	2
557	F	3
557	H	1
557	I	1
557	M	5
557	N	2
557	Q	1
557	R	3
557	V	1
558	A	4
558	C	1
558	D	3
558	E	2
558	I	2
558	K	1
558	N	1
558	P	1
558	R	2
558	T	1
558	V	1
558	Y	1
560	A	1
560	C	3
560	I	2
560	P	1
560	Q	2
560	S	1
560	W	1
560	Y	2
561	A	2
561	D	2
561	E	1
561	F	1
561	G	1
561	I	2
561	L	1
561	M	2
561	P	2
561	Q	2
561	S	2
561	Y	5
562	C	1
562	D	2
562	F	1
562	G	1
562	K	1
562	M	1
562	P	2
562	R	1
562	S	1
562	V	1
562	Y	2
563	A	1
563	D	2
563	F	1
563	G	2
563	I	2
563	N	1
563	P	1
563	Y	2
564	A	1
564	C	1
564	D	1
564	E	1
564	F	2
564	G	1
564	H	2
564	I	1
564	M	1
564	P	1
564	S	1
564	T	1
564	Y	2
565	A	2
565	D	6
565	F	2
565	G	1
565	H	1
565	I	3
565	M	2
565	Q	1
565	R	2
565	S	1
565	V	1
565	Y	4
566	A	1
566	C	1
566	D	2
566	E	1
566	H	1
566	I	1
566	K	1
566	N	1
566	Q	1
566	R	2
566	V	3
566	Y	3
569	A	3
569	C	1
569	I	1
569	N	2
569	T	1
569	Y	1
570	A	1
570	C	3
570	I	2
570	M	1
570	P	1
570	Q	2
570	S	1
570	W	1
570	Y	2
571	A	1
571	D	2
571	E	1
571	F	1
571	G	1
571	I	2
571	L	1
571	M	2
571	P	2
571	Q	2
571	S	2
571	Y	5
572	C	1
572	D	2
572	F	1
572	G	2
572	K	1
572	M	1
572	P	2
572	R	1
572	S	1
572	V	1
572	Y	1
573	F	1
573	G	1
573	I	2
573	N	1
573	Y	2
574	A	1
574	C	1
574	D	1
574	E	1
574	F	1
574	G	1
574	H	2
574	I	1
574	P	1
574	S	1
574	T	2
574	Y	2
575	A	2
575	D	5
575	F	2
575	G	1
575	H	1
575	I	3
575	M	3
575	Q	1
575	R	2
575	S	1
575	T	1
575	V	1
575	Y	4
576	A	1
576	C	1
576	D	2
576	E	1
576	H	1
576	I	1
576	K	1
576	M	1
576	N	1
576	Q	1
576	R	2
576	V	3
576	Y	3
579	A	2
579	C	1
579	D	1
579	F	1
579	I	1
579	N	3
579	S	1
579	T	1
579	Y	1
580	A	1
580	C	3
580	I	2
580	M	1
580	P	1
580	Q	2
580	S	1
580	W	1
580	Y	1
581	A	2
581	D	2
581	E	1
581	F	1
581	G	1
581	I	2
581	L	1
581	M	2
581	P	2
581	Q	2
581	S	1
581	Y	5
582	C	1
582	D	2
582	F	1
582	G	2
582	K	1
582	M	1
582	P	2
582	R	1
582	S	1
582	Y	1
584	A	1
584	C	1
584	D	1
584	E	1
584	F	1
584	G	1
584	H	3
584	M	1
584	P	1
584	S	1
584	T	2
584	Y	2
585	A	2
585	D	6
585	F	2
585	G	1
585	H	1
585	I	3
585	M	2
585	Q	1
585	R	1
585	S	1
585	T	1
585	V	1
585	Y	4
586	A	1
586	C	1
586	D	2
586	E	1
586	H	1
586	I	1
586	K	1
586	M	1
586	N	1
586	R	2
586	V	2
586	Y	3
5810	A	3
5810	D	4
5810	E	3
5810	F	2
5810	G	1
5810	H	1
5810	L	1
5810	M	1
5810	N	3
5810	P	1
5810	Q	1
5810	S	1
5810	V	1
5810	Y	4
590	A	1
590	C	3
590	I	2
590	M	1
590	P	1
590	Q	2
590	S	1
590	W	1
590	Y	2
591	A	1
591	D	2
591	E	1
591	F	1
591	G	1
591	I	2
591	L	1
591	M	1
591	P	2
591	Q	2
591	S	1
591	W	1
591	Y	5
592	C	1
592	D	2
592	F	1
592	G	2
592	K	1
592	M	1
592	P	1
592	R	1
592	S	1
592	V	1
592	Y	1
593	A	1
593	D	2
593	G	1
593	I	1
593	N	1
593	P	1
593	Y	2
594	A	1
594	C	1
594	D	1
594	E	1
594	F	2
594	H	3
594	I	1
594	M	1
594	P	1
594	S	1
594	T	2
594	Y	2
595	A	2
595	D	6
595	F	1
595	G	1
595	H	1
595	I	3
595	M	3
595	Q	1
595	R	2
595	S	1
595	T	1
595	V	1
595	Y	3
596	A	1
596	C	1
596	D	2
596	E	1
596	H	1
596	I	1
596	K	1
596	M	1
596	N	1
596	Q	1
596	R	2
596	V	2
596	Y	4
598	A	4
598	C	1
598	D	3
598	E	2
598	I	2
598	K	1
598	L	1
598	N	3
598	P	1
598	R	2
598	T	1
598	V	1
598	Y	1
5910	A	2
5910	D	3
5910	E	3
5910	F	2
5910	G	1
5910	H	1
5910	L	1
5910	N	3
5910	P	1
5910	Q	1
5910	S	1
5910	V	1
5910	Y	4
600	A	1
600	C	3
600	I	2
600	M	1
600	P	1
600	Q	2
600	W	1
600	Y	2
601	A	2
601	D	2
601	E	1
601	F	1
601	G	1
601	I	2
601	M	1
601	P	2
601	Q	2
601	S	2
601	W	1
601	Y	5
602	C	1
602	D	1
602	F	1
602	G	2
602	K	1
602	M	1
602	P	2
602	R	1
602	V	1
602	Y	1
603	A	1
603	D	2
603	G	2
603	I	2
603	N	1
603	P	1
603	Y	2
604	C	1
604	D	1
604	E	1
604	F	2
604	G	1
604	H	3
604	I	1
604	M	1
604	P	1
604	S	1
604	T	2
604	Y	1
605	A	2
605	D	5
605	F	2
605	G	1
605	H	1
605	I	3
605	M	3
605	Q	1
605	R	2
605	S	1
605	T	1
605	V	1
605	Y	3
610	A	1
610	C	1
610	I	1
610	M	1
610	P	1
610	Q	1
610	S	1
610	W	1
610	Y	2
611	A	1
611	D	2
611	E	1
611	F	1
611	G	1
611	I	2
611	L	1
611	M	2
611	P	2
611	Q	1
611	S	1
611	W	1
611	Y	3
612	D	2
612	F	1
612	G	2
612	M	1
612	P	2
612	R	1
612	S	1
612	V	1
612	Y	1
614	A	1
614	C	1
614	D	1
614	E	1
614	F	2
614	G	1
614	H	3
614	S	1
614	T	2
614	Y	2
615	A	2
615	D	6
615	F	2
615	H	1
615	I	3
615	M	3
615	Q	1
615	R	1
615	S	1
615	T	1
615	V	1
615	Y	4
616	D	2
616	E	1
616	H	1
616	I	1
616	K	1
616	M	1
616	Q	1
616	R	2
616	V	3
616	Y	3
617	A	1
617	C	3
617	D	2
617	F	3
617	H	1
617	I	1
617	M	4
617	N	2
617	Q	1
617	R	3
617	V	1
620	C	2
620	I	2
620	M	1
620	P	1
620	Q	2
620	S	1
620	W	1
620	Y	2
621	A	2
621	D	2
621	E	1
621	G	1
621	I	2
621	L	1
621	M	2
621	P	2
621	Q	2
621	S	2
621	W	1
621	Y	5
622	C	1
622	D	1
622	F	1
622	G	2
622	K	1
622	M	1
622	P	2
622	R	1
622	V	1
622	Y	2
623	A	1
623	D	2
623	F	1
623	G	2
623	I	2
623	N	1
623	P	1
623	Y	2
624	A	1
624	C	1
624	D	1
624	F	2
624	G	1
624	H	2
624	M	1
624	P	1
624	S	1
624	T	2
624	Y	2
626	A	1
626	C	1
626	D	2
626	E	1
626	H	1
626	I	1
626	K	1
626	M	1
626	Q	1
626	R	1
626	V	3
626	Y	4
628	A	4
628	C	1
628	D	2
628	E	2
628	I	2
628	K	1
628	L	1
628	N	3
628	P	1
628	R	2
628	T	1
628	V	1
628	Y	1
629	A	3
629	C	1
629	D	1
629	F	1
629	I	1
629	N	2
629	S	1
629	T	1
629	Y	1
6210	A	3
6210	D	3
6210	E	3
6210	F	2
6210	G	1
6210	H	1
6210	M	1
6210	N	3
6210	P	1
6210	Q	1
6210	S	1
6210	W	1
6210	Y	4
630	A	1
630	C	3
630	I	2
630	M	1
630	P	1
630	Q	2
630	Y	2
631	A	2
631	D	2
631	E	1
631	F	1
631	G	1
631	I	2
631	L	1
631	M	2
631	P	2
631	Q	2
631	S	2
631	W	1
631	Y	5
632	C	1
632	D	2
632	F	1
632	G	2
632	M	1
632	P	1
632	R	1
632	Y	2
633	A	1
633	D	2
633	F	1
633	G	2
633	I	2
633	P	1
633	Y	2
634	A	1
634	C	1
634	D	1
634	E	1
634	F	2
634	G	1
634	H	3
634	I	1
634	M	1
634	P	1
634	S	1
634	T	2
634	Y	2
636	A	1
636	D	1
636	E	1
636	H	1
636	I	1
636	K	1
636	M	1
636	N	1
636	Q	1
636	R	2
636	V	3
636	Y	3
637	A	1
637	C	4
637	D	1
637	F	3
637	H	1
637	I	1
637	M	4
637	N	1
637	Q	1
637	R	2
637	V	1
638	A	4
638	C	1
638	D	2
638	E	2
638	I	2
638	K	1
638	L	1
638	N	3
638	P	1
638	R	2
638	T	1
638	V	1
638	Y	1
640	A	1
640	C	3
640	I	2
640	M	1
640	P	1
640	Q	2
640	S	1
640	W	1
640	Y	2
641	A	2
641	D	2
641	E	1
641	F	1
641	G	1
641	I	2
641	L	1
641	M	2
641	P	1
641	Q	2
641	S	2
641	W	1
641	Y	4
642	C	1
642	D	2
642	F	1
642	G	2
642	K	1
642	M	1
642	P	2
642	R	1
642	S	1
642	Y	2
643	A	1
643	D	2
643	F	1
643	G	2
643	I	2
643	N	1
643	P	1
643	Y	1
644	A	1
644	D	1
644	E	1
644	F	1
644	G	1
644	H	3
644	I	1
644	P	1
644	S	1
644	T	2
644	Y	2
646	A	1
646	C	1
646	D	2
646	E	1
646	H	1
646	I	1
646	K	1
646	M	1
646	Q	1
646	R	1
646	V	3
646	Y	3
648	A	2
648	C	1
648	D	3
648	E	2
648	I	2
648	N	3
648	P	1
648	R	2
648	T	1
648	V	1
648	Y	1
650	A	1
650	C	3
650	I	2
650	M	1
650	P	1
650	Q	1
650	S	1
650	W	1
650	Y	2
651	A	1
651	D	2
651	E	1
651	F	1
651	G	1
651	I	2
651	L	1
651	M	1
651	P	2
651	Q	2
651	S	1
651	W	1
651	Y	4
652	C	1
652	D	2
652	F	1
652	G	2
652	K	1
652	M	1
652	P	1
652	R	1
652	S	1
652	V	1
652	Y	2
653	A	1
653	D	1
653	F	1
653	G	1
653	I	1
653	N	1
653	P	1
653	Y	1
654	A	1
654	D	1
654	E	1
654	F	2
654	G	1
654	H	3
654	I	1
654	M	1
654	P	1
654	S	1
654	T	2
654	Y	2
655	A	2
655	D	4
655	F	2
655	H	1
655	I	3
655	M	2
655	R	2
655	S	1
655	T	1
655	Y	4
656	A	1
656	D	2
656	E	1
656	H	1
656	I	1
656	K	1
656	M	1
656	N	1
656	Q	1
656	R	1
656	V	3
656	Y	4
657	A	1
657	C	4
657	D	2
657	F	3
657	H	1
657	I	1
657	M	5
657	N	2
657	Q	1
657	R	3
657	V	1
658	A	4
658	C	1
658	D	2
658	E	2
658	I	2
658	K	1
658	L	1
658	N	3
658	P	1
658	R	2
658	T	1
658	V	1
658	Y	1
659	A	3
659	C	1
659	D	1
659	F	1
659	I	1
659	N	3
659	S	1
659	T	1
659	Y	1
6510	A	3
6510	D	4
6510	E	2
6510	F	2
6510	G	1
6510	H	1
6510	L	1
6510	M	1
6510	N	3
6510	Q	1
6510	S	1
6510	V	1
6510	W	1
6510	Y	4
660	C	2
660	I	2
660	M	1
660	P	1
660	Q	2
660	S	1
660	W	1
660	Y	1
661	D	2
661	F	1
661	G	1
661	I	2
661	L	1
661	M	2
661	P	1
661	Q	2
661	S	1
661	W	1
661	Y	5
662	C	1
662	D	2
662	F	1
662	G	2
662	K	1
662	M	1
662	P	2
662	R	1
662	S	1
662	V	1
662	Y	1
663	A	1
663	D	2
663	F	1
663	G	2
663	I	2
663	N	1
663	P	1
663	Y	2
664	A	1
664	C	1
664	D	1
664	E	1
664	F	2
664	H	3
664	I	1
664	M	1
664	P	1
664	S	1
664	T	2
664	Y	2
665	A	1
665	D	5
665	F	1
665	G	1
665	H	1
665	I	2
665	M	2
665	Q	1
665	R	2
665	T	1
665	V	1
665	Y	4
666	A	1
666	C	1
666	D	2
666	E	1
666	H	1
666	I	1
666	M	1
666	N	1
666	Q	1
666	R	2
666	V	3
666	Y	3
667	C	3
667	D	2
667	F	3
667	H	1
667	M	5
667	N	2
667	Q	1
667	R	3
669	A	2
669	C	1
669	D	1
669	I	1
669	N	3
669	S	1
669	T	1
671	A	2
671	D	1
671	E	1
671	F	1
671	G	1
671	I	1
671	L	1
671	M	2
671	P	2
671	Q	2
671	S	2
671	W	1
671	Y	5
672	D	2
672	F	1
672	G	2
672	K	1
672	M	1
672	P	2
672	R	1
672	S	1
672	V	1
672	Y	2
673	A	1
673	D	2
673	F	1
673	G	2
673	I	1
673	N	1
673	Y	2
674	A	1
674	C	1
674	D	1
674	E	1
674	F	1
674	G	1
674	H	3
674	I	1
674	M	1
674	P	1
674	T	2
674	Y	2
676	A	1
676	C	1
676	D	2
676	E	1
676	H	1
676	I	1
676	M	1
676	Q	1
676	R	2
676	V	3
676	Y	3
677	A	1
677	C	4
677	D	2
677	F	3
677	H	1
677	I	1
677	M	5
677	N	2
677	Q	1
677	R	2
677	V	1
678	A	3
678	C	1
678	D	3
678	E	2
678	I	2
678	K	1
678	L	1
678	N	3
678	P	1
678	R	2
678	T	1
678	V	1
678	Y	1
679	A	3
679	C	1
679	D	1
679	I	1
679	N	3
679	S	1
679	T	1
679	Y	1
6710	A	2
6710	D	4
6710	E	2
6710	F	2
6710	G	1
6710	H	1
6710	L	1
6710	M	1
6710	N	2
6710	P	1
6710	Q	1
6710	V	1
6710	W	1
6710	Y	4
680	A	1
680	C	3
680	I	2
680	M	1
680	P	1
680	Q	2
680	S	1
680	W	1
680	Y	2
681	A	2
681	D	2
681	E	1
681	F	1
681	G	1
681	I	2
681	M	2
681	Q	1
681	S	2
681	W	1
681	Y	5
683	A	1
683	D	2
683	F	1
683	G	2
683	I	2
683	N	1
683	P	1
683	Y	2
684	A	1
684	C	1
684	D	1
684	F	2
684	G	1
684	H	3
684	I	1
684	S	1
684	T	2
684	Y	2
685	A	1
685	D	4
685	F	2
685	G	1
685	H	1
685	I	2
685	M	3
685	Q	1
685	R	2
685	V	1
685	Y	4
686	C	1
686	D	2
686	E	1
686	H	1
686	I	1
686	K	1
686	M	1
686	N	1
686	R	2
686	V	2
686	Y	3
687	A	1
687	C	4
687	D	2
687	F	3
687	I	1
687	M	5
687	N	2
687	Q	1
687	R	3
687	V	1
689	A	3
689	C	1
689	D	1
689	F	1
689	I	1
689	N	3
689	S	1
689	T	1
689	Y	1
690	A	1
690	C	3
690	I	2
690	M	1
690	P	1
690	Q	2
690	S	1
690	W	1
690	Y	2
691	A	2
691	D	2
691	E	1
691	F	1
691	G	1
691	I	2
691	L	1
691	M	2
691	P	2
691	Q	2
691	S	2
691	W	1
691	Y	5
692	C	1
692	D	2
692	G	2
692	K	1
692	M	1
692	P	1
692	R	1
692	S	1
692	V	1
692	Y	2
693	A	1
693	D	2
693	F	1
693	G	2
693	I	2
693	N	1
693	P	1
693	Y	2
694	A	1
694	D	1
694	E	1
694	F	1
694	G	1
694	H	3
694	I	1
694	M	1
694	P	1
694	S	1
694	T	2
694	Y	2
695	A	2
695	D	6
695	F	1
695	G	1
695	H	1
695	I	2
695	M	3
695	R	2
695	T	1
695	V	1
695	Y	4
697	A	1
697	C	3
697	D	2
697	F	3
697	H	1
697	I	1
697	M	5
697	N	2
697	Q	1
697	R	3
697	V	1
699	A	3
699	C	1
699	D	1
699	F	1
699	I	1
699	N	3
699	S	1
699	T	1
699	Y	1
701	A	1
701	D	2
701	E	1
701	F	1
701	G	1
701	I	2
701	L	1
701	M	2
701	P	2
701	Q	1
701	S	2
701	W	1
701	Y	5
702	C	1
702	D	2
702	F	1
702	G	2
702	K	1
702	M	1
702	P	2
702	S	1
702	Y	1
703	A	1
703	D	2
703	F	1
703	G	2
703	I	2
703	N	1
703	Y	2
704	A	1
704	C	1
704	D	1
704	E	1
704	F	2
704	G	1
704	H	3
704	I	1
704	M	1
704	P	1
704	S	1
704	T	2
704	Y	2
705	A	1
705	D	6
705	F	1
705	G	1
705	H	1
705	I	2
705	M	2
705	R	2
705	S	1
705	T	1
705	V	1
705	Y	4
706	A	1
706	C	1
706	D	2
706	E	1
706	H	1
706	I	1
706	K	1
706	M	1
706	N	1
706	Q	1
706	R	2
706	V	3
706	Y	4
707	A	1
707	C	4
707	D	2
707	F	3
707	H	1
707	I	1
707	M	5
707	N	2
707	Q	1
707	R	3
707	V	1
708	A	3
708	C	1
708	D	2
708	E	2
708	I	2
708	K	1
708	L	1
708	N	3
708	P	1
708	R	2
708	T	1
708	Y	1
7010	A	3
7010	D	4
7010	E	3
7010	F	2
7010	G	1
7010	H	1
7010	L	1
7010	M	1
7010	N	3
7010	P	1
7010	Q	1
7010	S	1
7010	V	1
7010	W	1
7010	Y	4
710	A	1
710	C	3
710	I	1
710	M	1
710	P	1
710	Q	2
710	S	1
710	W	1
710	Y	2
712	C	1
712	D	2
712	F	1
712	G	1
712	K	1
712	M	1
712	P	1
712	R	1
712	S	1
712	V	1
712	Y	1
713	A	1
713	D	1
713	F	1
713	G	2
713	I	2
713	N	1
713	P	1
713	Y	2
714	A	1
714	C	1
714	D	1
714	F	1
714	G	1
714	H	3
714	I	1
714	M	1
714	P	1
714	T	2
714	Y	2
716	A	1
716	C	1
716	D	2
716	E	1
716	H	1
716	I	1
716	K	1
716	N	1
716	Q	1
716	R	2
716	V	3
716	Y	4
717	A	1
717	C	3
717	D	1
717	F	2
717	H	1
717	I	1
717	M	5
717	N	2
717	Q	1
717	R	3
717	V	1
718	A	4
718	C	1
718	D	3
718	E	2
718	I	2
718	K	1
718	L	1
718	N	3
718	P	1
718	R	2
718	T	1
718	V	1
718	Y	1
722	C	1
722	D	2
722	F	1
722	G	2
722	K	1
722	P	2
722	R	1
722	S	1
722	Y	2
723	A	1
723	D	2
723	F	1
723	G	2
723	I	2
723	N	1
723	P	1
723	Y	1
724	A	1
724	C	1
724	D	1
724	E	1
724	F	2
724	G	1
724	H	3
724	I	1
724	M	1
724	P	1
724	S	1
724	T	2
724	Y	2
725	A	2
725	D	5
725	F	2
725	G	1
725	H	1
725	I	3
725	M	3
725	Q	1
725	R	2
725	S	1
725	T	1
725	V	1
725	Y	2
726	A	1
726	C	1
726	D	2
726	H	1
726	I	1
726	K	1
726	M	1
726	N	1
726	Q	1
726	R	1
726	V	3
726	Y	4
727	A	1
727	C	3
727	D	2
727	F	1
727	I	1
727	M	4
727	N	2
727	Q	1
727	R	2
727	V	1
728	A	4
728	C	1
728	D	2
728	E	2
728	I	2
728	K	1
728	L	1
728	N	3
728	P	1
728	R	2
728	T	1
728	Y	1
7210	A	2
7210	D	2
7210	E	3
7210	F	2
7210	G	1
7210	H	1
7210	L	1
7210	M	1
7210	N	2
7210	P	1
7210	Q	1
7210	S	1
7210	V	1
7210	W	1
7210	Y	3
730	A	1
730	C	3
730	I	1
730	M	1
730	P	1
730	Q	2
730	S	1
730	W	1
730	Y	1
731	A	2
731	D	2
731	E	1
731	F	1
731	G	1
731	I	2
731	L	1
731	M	2
731	P	2
731	Q	2
731	S	1
731	W	1
731	Y	5
732	C	1
732	D	2
732	F	1
732	G	2
732	K	1
732	M	1
732	P	2
732	R	1
732	S	1
732	V	1
732	Y	2
733	A	1
733	D	2
733	F	1
733	G	2
733	I	1
733	N	1
733	P	1
733	Y	2
734	A	1
734	C	1
734	D	1
734	E	1
734	F	2
734	G	1
734	H	2
734	I	1
734	M	1
734	P	1
734	S	1
734	T	2
734	Y	2
735	A	1
735	D	5
735	F	2
735	G	1
735	H	1
735	I	2
735	M	3
735	Q	1
735	R	2
735	T	1
735	V	1
735	Y	4
736	A	1
736	D	2
736	H	1
736	I	1
736	M	1
736	N	1
736	Q	1
736	R	2
736	V	2
736	Y	4
738	A	4
738	C	1
738	D	3
738	E	1
738	I	2
738	K	1
738	L	1
738	N	3
738	R	2
738	T	1
738	V	1
738	Y	1
7310	A	3
7310	D	3
7310	E	3
7310	F	2
7310	H	1
7310	L	1
7310	M	1
7310	N	3
7310	P	1
7310	Q	1
7310	S	1
7310	V	1
7310	W	1
7310	Y	4
740	C	3
740	I	2
740	M	1
740	Q	2
740	S	1
740	W	1
740	Y	2
741	A	2
741	D	2
741	F	1
741	G	1
741	I	1
741	L	1
741	M	2
741	P	2
741	Q	1
741	S	1
741	W	1
741	Y	5
743	A	1
743	D	2
743	F	1
743	G	2
743	I	2
743	P	1
743	Y	2
744	A	1
744	C	1
744	D	1
744	E	1
744	F	2
744	G	1
744	H	2
744	I	1
744	M	1
744	S	1
744	T	2
744	Y	2
745	A	2
745	D	5
745	F	2
745	H	1
745	I	3
745	M	3
745	Q	1
745	R	2
745	S	1
745	T	1
745	V	1
745	Y	3
746	A	1
746	C	1
746	D	2
746	H	1
746	I	1
746	K	1
746	M	1
746	N	1
746	Q	1
746	R	2
746	V	1
746	Y	4
747	A	1
747	C	4
747	D	2
747	F	1
747	H	1
747	I	1
747	M	5
747	N	2
747	R	3
747	V	1
748	A	3
748	C	1
748	D	3
748	E	2
748	I	2
748	L	1
748	N	3
748	P	1
748	R	2
748	T	1
748	Y	1
749	A	3
749	C	1
749	D	1
749	F	1
749	I	1
749	N	3
749	S	1
749	T	1
7410	A	3
7410	D	3
7410	E	3
7410	F	2
7410	G	1
7410	H	1
7410	L	1
7410	M	1
7410	N	3
7410	P	1
7410	Q	1
7410	S	1
7410	V	1
7410	Y	4
751	A	1
751	D	2
751	E	1
751	F	1
751	G	1
751	I	2
751	L	1
751	M	2
751	P	2
751	Q	2
751	S	2
751	Y	5
752	C	1
752	D	2
752	F	1
752	G	1
752	K	1
752	M	1
752	P	2
752	R	1
752	S	1
752	V	1
752	Y	2
753	A	1
753	D	2
753	F	1
753	G	2
753	I	2
753	N	1
753	P	1
753	Y	2
754	A	1
754	C	1
754	D	1
754	F	1
754	G	1
754	H	3
754	I	1
754	M	1
754	P	1
754	S	1
754	T	2
754	Y	2
755	A	2
755	D	4
755	F	2
755	G	1
755	H	1
755	I	3
755	M	3
755	Q	1
755	R	2
755	S	1
755	T	1
755	V	1
755	Y	4
757	A	1
757	C	4
757	D	1
757	F	2
757	H	1
757	I	1
757	M	5
757	N	1
757	Q	1
757	R	3
757	V	1
758	A	4
758	C	1
758	D	2
758	E	2
758	I	2
758	K	1
758	L	1
758	N	2
758	R	2
758	T	1
758	V	1
759	A	3
759	C	1
759	D	1
759	F	1
759	I	1
759	N	3
759	S	1
759	T	1
760	A	1
760	C	3
760	I	2
760	M	1
760	Q	1
760	S	1
760	W	1
760	Y	2
761	A	2
761	D	2
761	E	1
761	F	1
761	G	1
761	I	2
761	L	1
761	M	2
761	P	2
761	Q	2
761	S	2
761	W	1
761	Y	3
762	C	1
762	D	1
762	G	2
762	K	1
762	M	1
762	P	2
762	R	1
762	S	1
762	Y	2
763	A	1
763	D	2
763	F	1
763	G	1
763	I	2
763	Y	2
764	A	1
764	C	1
764	D	1
764	E	1
764	F	2
764	H	3
764	I	1
764	M	1
764	P	1
764	S	1
764	T	2
764	Y	2
765	A	2
765	D	5
765	F	2
765	G	1
765	H	1
765	I	3
765	M	3
765	Q	1
765	R	1
765	S	1
765	T	1
765	V	1
765	Y	4
766	A	1
766	C	1
766	D	2
766	E	1
766	H	1
766	I	1
766	K	1
766	M	1
766	N	1
766	Q	1
766	R	2
766	V	2
766	Y	4
767	A	1
767	C	4
767	D	1
767	F	2
767	H	1
767	I	1
767	M	5
767	N	2
767	Q	1
767	R	3
767	V	1
768	A	3
768	C	1
768	D	3
768	E	2
768	I	2
768	K	1
768	L	1
768	N	2
768	P	1
768	R	2
768	T	1
768	V	1
768	Y	1
769	A	3
769	C	1
769	D	1
769	F	1
769	I	1
769	N	3
769	S	1
769	T	1
769	Y	1
7610	A	3
7610	D	4
7610	E	3
7610	F	2
7610	G	1
7610	H	1
7610	L	1
7610	N	2
7610	P	1
7610	Q	1
7610	S	1
7610	V	1
7610	W	1
7610	Y	3
770	A	1
770	C	2
770	I	2
770	M	1
770	Q	2
770	S	1
770	Y	2
771	A	2
771	D	2
771	E	1
771	F	1
771	G	1
771	I	2
771	M	2
771	P	2
771	Q	2
771	S	2
771	W	1
771	Y	3
772	C	1
772	D	1
772	F	1
772	G	2
772	M	1
772	P	2
772	S	1
772	V	1
772	Y	2
773	A	1
773	D	2
773	F	1
773	G	2
773	I	2
773	N	1
773	P	1
773	Y	2
774	A	1
774	C	1
774	D	1
774	F	2
774	G	1
774	H	3
774	M	1
774	P	1
774	S	1
774	T	2
774	Y	2
775	A	2
775	D	5
775	F	2
775	G	1
775	H	1
775	I	3
775	M	3
775	Q	1
775	R	2
775	S	1
775	T	1
775	Y	4
776	A	1
776	C	1
776	D	2
776	E	1
776	H	1
776	I	1
776	K	1
776	M	1
776	N	1
776	R	2
776	V	3
776	Y	4
778	A	4
778	C	1
778	D	3
778	E	2
778	I	2
778	K	1
778	L	1
778	N	3
778	P	1
778	R	2
778	T	1
778	V	1
779	A	3
779	C	1
779	D	1
779	F	1
779	I	1
779	N	2
779	S	1
779	T	1
779	Y	1
780	A	1
780	C	3
780	I	2
780	P	1
780	Q	1
780	S	1
780	W	1
780	Y	2
781	A	2
781	D	1
781	E	1
781	F	1
781	G	1
781	I	1
781	L	1
781	M	1
781	P	2
781	Q	2
781	S	2
781	W	1
781	Y	4
783	A	1
783	D	2
783	F	1
783	G	2
783	I	2
783	N	1
783	P	1
783	Y	2
784	A	1
784	D	1
784	E	1
784	F	1
784	H	3
784	I	1
784	M	1
784	P	1
784	S	1
784	T	1
784	Y	2
785	A	2
785	D	6
785	F	2
785	G	1
785	H	1
785	I	3
785	M	3
785	Q	1
785	R	2
785	S	1
785	T	1
785	V	1
785	Y	4
786	A	1
786	C	1
786	D	1
786	E	1
786	H	1
786	K	1
786	M	1
786	Q	1
786	R	2
786	V	3
786	Y	4
788	A	4
788	C	1
788	D	3
788	E	2
788	I	2
788	K	1
788	L	1
788	N	3
788	P	1
788	R	2
788	T	1
788	V	1
789	A	3
789	C	1
789	D	1
789	F	1
789	I	1
789	N	3
789	S	1
789	T	1
789	Y	1
7810	A	3
7810	D	3
7810	E	3
7810	F	1
7810	G	1
7810	H	1
7810	L	1
7810	M	1
7810	N	3
7810	P	1
7810	Q	1
7810	S	1
7810	W	1
7810	Y	4
790	A	1
790	C	3
790	I	2
790	M	1
790	P	1
790	Q	1
790	W	1
790	Y	2
791	A	1
791	D	2
791	E	1
791	F	1
791	I	2
791	L	1
791	M	2
791	P	2
791	Q	2
791	S	2
791	Y	5
792	C	1
792	D	2
792	F	1
792	G	1
792	P	1
792	R	1
792	S	1
792	Y	2
793	A	1
793	D	2
793	F	1
793	G	2
793	I	2
793	N	1
793	P	1
793	Y	2
794	A	1
794	D	1
794	F	2
794	G	1
794	H	3
794	I	1
794	M	1
794	P	1
794	S	1
794	T	2
794	Y	2
795	A	2
795	D	6
795	F	2
795	G	1
795	H	1
795	I	3
795	M	3
795	Q	1
795	R	2
795	S	1
795	T	1
795	Y	3
796	A	1
796	C	1
796	D	2
796	E	1
796	H	1
796	I	1
796	M	1
796	N	1
796	Q	1
796	R	2
796	V	3
796	Y	3
797	A	1
797	C	4
797	D	2
797	F	3
797	H	1
797	I	1
797	M	3
797	N	1
797	Q	1
797	R	1
797	V	1
801	A	2
801	D	2
801	E	1
801	F	1
801	I	2
801	L	1
801	M	2
801	P	2
801	Q	2
801	S	2
801	W	1
801	Y	5
802	C	1
802	D	2
802	F	1
802	G	1
802	K	1
802	M	1
802	P	2
802	R	1
802	S	1
802	V	1
802	Y	1
803	A	1
803	D	1
803	F	1
803	G	2
803	I	2
803	N	1
803	P	1
803	Y	2
804	A	1
804	C	1
804	D	1
804	E	1
804	F	2
804	G	1
804	H	3
804	I	1
804	M	1
804	P	1
804	S	1
804	T	2
804	Y	2
805	A	2
805	D	6
805	F	2
805	G	1
805	H	1
805	I	2
805	M	3
805	Q	1
805	R	2
805	S	1
805	T	1
805	V	1
805	Y	3
806	A	1
806	C	1
806	D	2
806	E	1
806	I	1
806	M	1
806	N	1
806	Q	1
806	R	2
806	V	3
806	Y	2
808	A	4
808	C	1
808	D	3
808	E	2
808	I	2
808	L	1
808	N	1
808	P	1
808	R	2
808	V	1
808	Y	1
811	A	1
811	D	2
811	E	1
811	F	1
811	I	2
811	L	1
811	M	2
811	P	2
811	Q	2
811	S	2
811	W	1
811	Y	5
812	C	1
812	D	2
812	F	1
812	G	2
812	K	1
812	M	1
812	P	1
812	R	1
812	S	1
812	V	1
812	Y	2
813	A	1
813	D	2
813	F	1
813	G	2
813	I	2
813	N	1
813	P	1
815	A	2
815	D	6
815	F	1
815	G	1
815	H	1
815	I	3
815	M	3
815	Q	1
815	R	1
815	S	1
815	T	1
815	V	1
815	Y	4
816	A	1
816	C	1
816	D	2
816	E	1
816	H	1
816	I	1
816	K	1
816	M	1
816	Q	1
816	R	2
816	V	3
816	Y	4
820	C	3
820	I	2
820	M	1
820	P	1
820	Q	1
820	S	1
820	W	1
820	Y	1
821	A	2
821	D	2
821	E	1
821	F	1
821	G	1
821	I	2
821	L	1
821	M	2
821	P	2
821	Q	1
821	S	2
821	W	1
821	Y	5
822	C	1
822	D	2
822	F	1
822	G	1
822	K	1
822	M	1
822	P	2
822	R	1
822	S	1
822	Y	1
823	A	1
823	D	2
823	F	1
823	G	2
823	I	2
823	N	1
823	P	1
823	Y	2
824	C	1
824	D	1
824	F	2
824	G	1
824	H	3
824	I	1
824	M	1
824	P	1
824	T	2
824	Y	2
825	A	2
825	D	6
825	F	2
825	G	1
825	H	1
825	I	2
825	M	3
825	Q	1
825	R	2
825	S	1
825	T	1
825	V	1
825	Y	3
826	A	1
826	C	1
826	D	2
826	E	1
826	H	1
826	I	1
826	K	1
826	M	1
826	Q	1
826	R	2
826	V	3
826	Y	4
829	A	3
829	C	1
829	D	1
829	F	1
829	I	1
829	N	2
829	S	1
829	T	1
829	Y	1
830	A	1
830	C	3
830	I	2
830	M	1
830	P	1
830	Q	2
830	W	1
830	Y	2
831	A	2
831	D	1
831	E	1
831	F	1
831	G	1
831	I	2
831	L	1
831	M	2
831	P	2
831	Q	1
831	S	1
831	W	1
831	Y	4
832	C	1
832	D	2
832	F	1
832	G	2
832	K	1
832	M	1
832	P	2
832	R	1
832	S	1
832	V	1
832	Y	2
834	A	1
834	C	1
834	D	1
834	E	1
834	F	1
834	G	1
834	H	1
834	I	1
834	M	1
834	P	1
834	S	1
834	T	1
834	Y	2
835	A	2
835	D	3
835	F	1
835	G	1
835	H	1
835	I	3
835	M	3
835	Q	1
835	R	1
835	S	1
835	T	1
835	V	1
835	Y	4
836	A	1
836	C	1
836	D	2
836	H	1
836	I	1
836	M	1
836	N	1
836	Q	1
836	R	2
836	V	2
836	Y	4
838	A	2
838	C	1
838	D	3
838	E	2
838	I	1
838	K	1
838	L	1
838	N	3
838	P	1
838	R	2
838	T	1
838	V	1
838	Y	1
839	A	3
839	C	1
839	D	1
839	F	1
839	I	1
839	N	3
839	S	1
839	T	1
839	Y	1
840	A	1
840	C	3
840	I	1
840	M	1
840	P	1
840	Q	2
840	W	1
840	Y	1
841	A	2
841	D	1
841	F	1
841	G	1
841	I	2
841	L	1
841	M	2
841	P	2
841	Q	2
841	S	2
841	W	1
841	Y	5
842	C	1
842	D	2
842	G	2
842	K	1
842	M	1
842	P	2
842	R	1
842	S	1
842	V	1
842	Y	2
843	A	1
843	D	1
843	F	1
843	G	1
843	I	2
843	N	1
843	P	1
843	Y	2
844	A	1
844	C	1
844	D	1
844	E	1
844	F	2
844	G	1
844	H	3
844	I	1
844	M	1
844	P	1
844	S	1
844	T	2
844	Y	2
845	A	2
845	D	5
845	F	2
845	G	1
845	I	3
845	M	3
845	Q	1
845	R	1
845	S	1
845	V	1
845	Y	4
846	A	1
846	D	1
846	E	1
846	H	1
846	M	1
846	Q	1
846	R	2
846	V	2
846	Y	4
849	A	2
849	C	1
849	D	1
849	I	1
849	N	3
849	T	1
849	Y	1
8410	A	3
8410	D	4
8410	E	2
8410	F	2
8410	G	1
8410	H	1
8410	L	1
8410	M	1
8410	N	2
8410	P	1
8410	Q	1
8410	S	1
8410	W	1
8410	Y	3
850	A	1
850	C	3
850	I	2
850	M	1
850	Q	2
850	S	1
850	W	1
850	Y	1
851	A	2
851	D	2
851	G	1
851	I	2
851	M	2
851	P	2
851	Q	2
851	S	2
851	W	1
851	Y	3
852	C	1
852	D	2
852	F	1
852	G	2
852	K	1
852	M	1
852	P	2
852	R	1
852	S	1
852	V	1
852	Y	1
853	A	1
853	D	2
853	F	1
853	G	2
853	I	2
853	Y	2
854	A	1
854	C	1
854	D	1
854	E	1
854	F	2
854	G	1
854	H	2
854	M	1
854	P	1
854	S	1
854	T	1
854	Y	2
855	A	2
855	D	6
855	F	1
855	G	1
855	H	1
855	I	3
855	M	3
855	Q	1
855	R	1
855	S	1
855	T	1
855	V	1
855	Y	4
856	A	1
856	C	1
856	D	1
856	E	1
856	H	1
856	I	1
856	K	1
856	M	1
856	N	1
856	Q	1
856	R	2
856	V	3
856	Y	4
858	A	3
858	C	1
858	D	3
858	E	2
858	I	1
858	K	1
858	L	1
858	N	1
858	P	1
858	R	2
858	T	1
858	V	1
858	Y	1
859	A	3
859	D	1
859	F	1
859	I	1
859	N	3
859	S	1
859	T	1
859	Y	1
860	A	1
860	C	3
860	I	2
860	M	1
860	P	1
860	Q	1
860	S	1
860	W	1
860	Y	2
861	A	2
861	D	2
861	E	1
861	F	1
861	G	1
861	I	2
861	L	1
861	M	2
861	P	2
861	Q	2
861	S	2
861	W	1
861	Y	5
862	C	1
862	D	1
862	F	1
862	G	1
862	K	1
862	M	1
862	P	2
862	R	1
862	S	1
862	V	1
862	Y	2
863	A	1
863	D	2
863	F	1
863	G	1
863	I	2
863	N	1
863	P	1
863	Y	2
864	A	1
864	C	1
864	D	1
864	E	1
864	F	2
864	G	1
864	H	3
864	I	1
864	M	1
864	S	1
864	T	2
864	Y	1
865	A	2
865	D	6
865	F	2
865	G	1
865	H	1
865	I	3
865	M	3
865	Q	1
865	R	2
865	T	1
865	V	1
865	Y	4
866	A	1
866	C	1
866	D	1
866	E	1
866	H	1
866	I	1
866	K	1
866	M	1
866	N	1
866	Q	1
866	R	1
866	V	3
866	Y	3
867	A	1
867	C	3
867	D	2
867	F	3
867	H	1
867	I	1
867	M	4
867	N	2
867	Q	1
867	R	3
867	V	1
868	A	3
868	C	1
868	D	3
868	E	1
868	I	2
868	K	1
868	L	1
868	N	3
868	P	1
868	R	2
868	T	1
868	V	1
868	Y	1
869	A	2
869	C	1
869	D	1
869	F	1
869	I	1
869	N	3
869	S	1
869	T	1
869	Y	1
8610	A	3
8610	D	4
8610	E	2
8610	F	1
8610	G	1
8610	H	1
8610	L	1
8610	M	1
8610	N	3
8610	P	1
8610	Q	1
8610	S	1
8610	V	1
8610	W	1
8610	Y	3
870	C	3
870	I	2
870	M	1
870	P	1
870	Q	2
870	S	1
870	W	1
870	Y	2
871	A	2
871	D	2
871	E	1
871	I	2
871	M	2
871	P	1
871	Q	2
871	S	2
871	W	1
871	Y	4
872	C	1
872	D	2
872	F	1
872	G	2
872	K	1
872	M	1
872	P	2
872	R	1
872	S	1
872	V	1
872	Y	2
873	A	1
873	D	1
873	F	1
873	G	1
873	I	1
873	N	1
873	P	1
873	Y	2
874	A	1
874	C	1
874	D	1
874	E	1
874	F	1
874	G	1
874	H	3
874	I	1
874	M	1
874	P	1
874	S	1
874	T	2
874	Y	2
875	A	1
875	D	6
875	F	2
875	G	1
875	H	1
875	I	3
875	M	3
875	Q	1
875	R	1
875	S	1
875	T	1
875	V	1
875	Y	3
876	A	1
876	C	1
876	D	2
876	E	1
876	H	1
876	I	1
876	K	1
876	M	1
876	N	1
876	Q	1
876	R	2
876	V	3
876	Y	3
877	A	1
877	C	4
877	D	2
877	F	3
877	H	1
877	I	1
877	M	3
877	N	2
877	Q	1
877	R	3
877	V	1
8710	A	2
8710	D	3
8710	E	3
8710	F	2
8710	G	1
8710	H	1
8710	L	1
8710	M	1
8710	N	2
8710	P	1
8710	Q	1
8710	S	1
8710	V	1
8710	Y	4
880	A	1
880	C	2
880	I	2
880	M	1
880	P	1
880	Q	2
880	S	1
880	W	1
880	Y	2
882	C	1
882	D	2
882	F	1
882	G	1
882	K	1
882	M	1
882	P	2
882	R	1
882	S	1
882	V	1
882	Y	2
883	A	1
883	D	1
883	F	1
883	G	1
883	I	1
883	N	1
883	P	1
883	Y	2
884	A	1
884	C	1
884	D	1
884	E	1
884	F	2
884	G	1
884	H	2
884	I	1
884	M	1
884	P	1
884	S	1
884	T	1
884	Y	2
885	A	2
885	D	5
885	F	2
885	G	1
885	I	3
885	M	3
885	Q	1
885	R	2
885	S	1
885	T	1
885	V	1
885	Y	4
886	A	1
886	C	1
886	D	2
886	E	1
886	H	1
886	I	1
886	K	1
886	M	1
886	N	1
886	Q	1
886	R	2
886	V	2
886	Y	4
887	A	1
887	C	4
887	D	2
887	F	3
887	H	1
887	I	1
887	M	5
887	N	2
887	Q	1
887	R	2
887	V	1
888	A	4
888	D	3
888	E	2
888	I	2
888	K	1
888	L	1
888	N	3
888	P	1
888	R	1
888	T	1
888	V	1
888	Y	1
889	A	2
889	C	1
889	D	1
889	F	1
889	I	1
889	N	3
889	S	1
889	T	1
889	Y	1
890	A	1
890	C	2
890	I	2
890	M	1
890	P	1
890	Q	2
890	S	1
890	W	1
890	Y	2
891	A	2
891	D	1
891	E	1
891	F	1
891	G	1
891	I	2
891	L	1
891	M	2
891	P	2
891	Q	2
891	S	2
891	W	1
891	Y	5
892	C	1
892	D	2
892	G	2
892	K	1
892	M	1
892	P	2
892	R	1
892	S	1
892	Y	2
893	A	1
893	D	1
893	F	1
893	G	2
893	I	2
893	N	1
893	P	1
893	Y	2
894	A	1
894	C	1
894	D	1
894	E	1
894	F	2
894	G	1
894	H	3
894	I	1
894	M	1
894	P	1
894	S	1
894	T	2
894	Y	2
895	A	2
895	D	5
895	F	2
895	G	1
895	H	1
895	I	1
895	M	3
895	Q	1
895	R	2
895	S	1
895	T	1
895	V	1
895	Y	3
896	A	1
896	C	1
896	D	1
896	E	1
896	H	1
896	I	1
896	K	1
896	M	1
896	N	1
896	Q	1
896	R	2
896	V	3
896	Y	4
898	A	3
898	C	1
898	D	3
898	E	2
898	I	1
898	K	1
898	L	1
898	N	3
898	R	2
898	T	1
898	V	1
898	Y	1
899	A	3
899	C	1
899	D	1
899	F	1
899	I	1
899	N	3
899	S	1
899	T	1
900	A	1
900	C	3
900	I	2
900	M	1
900	P	1
900	Q	1
900	S	1
900	W	1
900	Y	2
901	A	2
901	D	2
901	E	1
901	F	1
901	G	1
901	I	2
901	M	1
901	P	1
901	Q	2
901	S	2
901	W	1
901	Y	4
903	A	1
903	D	2
903	F	1
903	G	2
903	I	2
903	N	1
903	P	1
903	Y	1
904	A	1
904	C	1
904	D	1
904	E	1
904	F	2
904	G	1
904	H	3
904	I	1
904	M	1
904	P	1
904	S	1
904	T	2
904	Y	1
905	A	1
905	D	6
905	F	2
905	G	1
905	I	3
905	M	3
905	Q	1
905	R	1
905	S	1
905	T	1
905	V	1
905	Y	4
906	A	1
906	D	2
906	E	1
906	H	1
906	I	1
906	K	1
906	M	1
906	N	1
906	Q	1
906	R	2
906	V	2
906	Y	3
908	A	4
908	C	1
908	D	3
908	E	2
908	I	2
908	K	1
908	L	1
908	N	3
908	P	1
908	R	2
908	T	1
908	V	1
908	Y	1
909	A	3
909	C	1
909	D	1
909	I	1
909	N	3
909	S	1
909	T	1
9010	A	3
9010	D	4
9010	E	3
9010	F	1
9010	L	1
9010	M	1
9010	N	2
9010	P	1
9010	Q	1
9010	S	1
9010	V	1
9010	Y	4
910	A	1
910	C	3
910	I	2
910	M	1
910	P	1
910	Q	2
910	S	1
910	W	1
910	Y	2
911	A	1
911	D	2
911	E	1
911	F	1
911	G	1
911	I	2
911	L	1
911	M	2
911	P	2
911	Q	2
911	S	2
911	W	1
911	Y	5
912	C	1
912	D	2
912	F	1
912	G	2
912	K	1
912	M	1
912	P	2
912	S	1
912	V	1
912	Y	2
913	A	1
913	D	2
913	F	1
913	G	2
913	I	2
913	N	1
913	Y	2
914	A	1
914	C	1
914	D	1
914	E	1
914	F	2
914	G	1
914	H	3
914	I	1
914	M	1
914	P	1
914	S	1
914	T	1
914	Y	2
915	A	2
915	D	4
915	F	2
915	G	1
915	H	1
915	I	3
915	M	3
915	Q	1
915	R	2
915	S	1
915	T	1
915	V	1
915	Y	4
916	A	1
916	C	1
916	D	2
916	E	1
916	H	1
916	I	1
916	K	1
916	M	1
916	N	1
916	Q	1
916	R	1
916	V	2
916	Y	3
917	C	3
917	D	2
917	F	2
917	H	1
917	I	1
917	M	5
917	N	2
917	R	3
917	V	1
918	A	4
918	C	1
918	D	3
918	E	2
918	I	2
918	K	1
918	L	1
918	N	2
918	P	1
918	R	1
918	T	1
918	V	1
918	Y	1
9110	A	2
9110	D	4
9110	E	3
9110	F	2
9110	G	1
9110	H	1
9110	L	1
9110	M	1
9110	N	2
9110	P	1
9110	Q	1
9110	S	1
9110	V	1
9110	W	1
9110	Y	3
920	A	1
920	C	2
920	I	1
920	M	1
920	P	1
920	Q	2
920	S	1
920	W	1
920	Y	2
921	A	2
921	D	2
921	E	1
921	F	1
921	G	1
921	I	2
921	L	1
921	M	2
921	P	1
921	Q	2
921	S	2
921	W	1
921	Y	5
922	C	1
922	D	2
922	F	1
922	G	1
922	K	1
922	M	1
922	P	2
922	R	1
922	S	1
922	V	1
922	Y	2
923	A	1
923	D	1
923	F	1
923	G	2
923	I	1
923	P	1
923	Y	2
924	A	1
924	C	1
924	D	1
924	F	2
924	G	1
924	H	3
924	I	1
924	M	1
924	P	1
924	S	1
924	T	2
924	Y	2
925	A	2
925	D	5
925	F	1
925	G	1
925	H	1
925	I	2
925	M	2
925	Q	1
925	R	1
925	S	1
925	T	1
925	V	1
925	Y	4
926	A	1
926	C	1
926	D	1
926	E	1
926	I	1
926	K	1
926	M	1
926	N	1
926	Q	1
926	R	2
926	V	3
926	Y	3
927	A	1
927	C	3
927	D	2
927	F	3
927	I	1
927	M	5
927	N	1
927	Q	1
927	R	2
927	V	1
929	A	3
929	C	1
929	D	1
929	F	1
929	I	1
929	N	2
929	S	1
929	T	1
929	Y	1
930	A	1
930	C	3
930	I	2
930	M	1
930	P	1
930	Q	2
930	S	1
930	W	1
930	Y	2
932	C	1
932	D	2
932	F	1
932	G	2
932	K	1
932	M	1
932	P	2
932	R	1
932	S	1
932	V	1
932	Y	2
933	D	2
933	F	1
933	G	2
933	I	2
933	N	1
933	Y	2
934	A	1
934	C	1
934	E	1
934	F	1
934	G	1
934	H	3
934	I	1
934	M	1
934	P	1
934	S	1
934	T	1
934	Y	2
936	A	1
936	C	1
936	D	2
936	E	1
936	H	1
936	I	1
936	K	1
936	M	1
936	N	1
936	Q	1
936	R	2
936	V	2
936	Y	3
937	A	1
937	C	4
937	D	2
937	F	3
937	H	1
937	I	1
937	M	4
937	N	1
937	Q	1
937	R	3
937	V	1
9310	A	3
9310	D	3
9310	E	3
9310	F	2
9310	G	1
9310	H	1
9310	L	1
9310	M	1
9310	N	3
9310	P	1
9310	Q	1
9310	S	1
9310	V	1
9310	W	1
9310	Y	3
941	A	2
941	D	1
941	E	1
941	F	1
941	G	1
941	I	2
941	L	1
941	M	2
941	P	2
941	S	2
941	Y	5
942	D	1
942	F	1
942	G	2
942	K	1
942	M	1
942	P	2
942	R	1
942	S	1
942	V	1
942	Y	2
943	D	1
943	F	1
943	G	2
943	I	2
943	N	1
943	P	1
943	Y	2
944	A	1
944	C	1
944	D	1
944	E	1
944	F	2
944	G	1
944	H	3
944	I	1
944	M	1
944	P	1
944	S	1
944	T	2
944	Y	2
945	A	2
945	D	5
945	F	2
945	G	1
945	H	1
945	I	3
945	M	3
945	Q	1
945	R	2
945	S	1
945	T	1
945	V	1
945	Y	3
947	A	1
947	C	3
947	D	1
947	F	3
947	H	1
947	I	1
947	M	5
947	N	2
947	Q	1
947	R	3
948	A	4
948	C	1
948	D	2
948	E	1
948	I	2
948	L	1
948	N	3
948	P	1
948	R	2
948	T	1
948	V	1
948	Y	1
949	A	3
949	C	1
949	D	1
949	I	1
949	N	3
949	S	1
949	T	1
949	Y	1
951	A	1
951	D	2
951	E	1
951	F	1
951	G	1
951	I	2
951	L	1
951	M	2
951	P	2
951	Q	2
951	S	2
951	W	1
951	Y	5
952	C	1
952	D	2
952	F	1
952	G	2
952	K	1
952	P	2
952	R	1
952	V	1
952	Y	2
954	A	1
954	C	1
954	D	1
954	E	1
954	F	2
954	G	1
954	H	3
954	I	1
954	M	1
954	P	1
954	S	1
954	T	1
954	Y	2
955	A	2
955	D	5
955	F	2
955	G	1
955	H	1
955	I	3
955	M	3
955	Q	1
955	R	2
955	S	1
955	T	1
955	V	1
955	Y	4
956	A	1
956	C	1
956	D	2
956	E	1
956	H	1
956	I	1
956	K	1
956	M	1
956	N	1
956	R	1
956	V	2
956	Y	3
960	A	1
960	C	3
960	I	2
960	M	1
960	Q	2
960	S	1
960	W	1
960	Y	1
961	D	2
961	E	1
961	F	1
961	G	1
961	I	2
961	L	1
961	M	2
961	P	2
961	Q	2
961	S	2
961	Y	4
962	C	1
962	D	2
962	F	1
962	G	2
962	K	1
962	M	1
962	P	2
962	S	1
962	V	1
962	Y	2
964	A	1
964	C	1
964	D	1
964	E	1
964	F	2
964	G	1
964	H	2
964	I	1
964	M	1
964	P	1
964	S	1
964	T	2
964	Y	2
965	A	2
965	D	6
965	F	2
965	G	1
965	H	1
965	I	2
965	M	3
965	Q	1
965	R	2
965	S	1
965	T	1
965	V	1
965	Y	3
966	A	1
966	C	1
966	D	2
966	E	1
966	H	1
966	I	1
966	K	1
966	M	1
966	N	1
966	Q	1
966	R	2
966	V	3
966	Y	3
967	A	1
967	C	4
967	D	2
967	F	3
967	I	1
967	M	5
967	N	2
967	Q	1
967	R	3
967	V	1
968	A	2
968	C	1
968	D	3
968	E	1
968	I	1
968	K	1
968	L	1
968	N	3
968	R	2
968	T	1
968	V	1
970	A	1
970	C	3
970	I	2
970	M	1
970	P	1
970	Q	2
970	S	1
970	W	1
970	Y	2
971	A	2
971	D	2
971	E	1
971	G	1
971	I	2
971	L	1
971	M	2
971	P	2
971	Q	2
971	S	2
971	W	1
971	Y	4
972	C	1
972	D	2
972	F	1
972	G	2
972	K	1
972	M	1
972	P	2
972	R	1
972	S	1
972	V	1
972	Y	2
973	A	1
973	D	2
973	F	1
973	G	2
973	I	2
973	N	1
973	P	1
973	Y	2
975	A	2
975	D	4
975	F	2
975	G	1
975	H	1
975	I	3
975	M	3
975	Q	1
975	R	1
975	S	1
975	V	1
975	Y	4
976	A	1
976	D	2
976	E	1
976	I	1
976	K	1
976	N	1
976	Q	1
976	R	2
976	V	3
976	Y	4
977	A	1
977	C	4
977	D	1
977	F	3
977	H	1
977	I	1
977	M	4
977	N	2
977	Q	1
977	R	3
977	V	1
978	A	4
978	C	1
978	D	3
978	E	2
978	I	2
978	K	1
978	L	1
978	N	3
978	P	1
978	R	2
978	T	1
978	V	1
978	Y	1
979	A	3
979	C	1
979	D	1
979	F	1
979	I	1
979	N	3
979	S	1
979	T	1
979	Y	1
980	A	1
980	C	3
980	I	2
980	M	1
980	P	1
980	Q	1
980	S	1
980	W	1
980	Y	1
981	A	2
981	D	2
981	F	1
981	G	1
981	I	2
981	L	1
981	M	2
981	P	2
981	Q	2
981	S	2
981	W	1
981	Y	5
983	A	1
983	D	2
983	F	1
983	G	2
983	I	2
983	N	1
983	P	1
983	Y	2
984	A	1
984	C	1
984	D	1
984	E	1
984	F	2
984	G	1
984	H	2
984	I	1
984	M	1
984	P	1
984	S	1
984	T	2
984	Y	2
985	A	2
985	D	6
985	F	2
985	G	1
985	H	1
985	I	3
985	M	2
985	Q	1
985	R	2
985	S	1
985	T	1
985	V	1
985	Y	4
986	A	1
986	C	1
986	D	2
986	E	1
986	H	1
986	I	1
986	K	1
986	M	1
986	N	1
986	Q	1
986	R	1
986	V	3
986	Y	2
988	A	3
988	C	1
988	D	2
988	E	1
988	I	2
988	K	1
988	L	1
988	N	3
988	P	1
988	R	2
988	T	1
988	V	1
988	Y	1
9810	A	3
9810	D	3
9810	E	3
9810	F	2
9810	G	1
9810	H	1
9810	L	1
9810	M	1
9810	N	3
9810	P	1
9810	Q	1
9810	S	1
9810	V	1
9810	W	1
9810	Y	4
990	A	1
990	C	3
990	I	2
990	M	1
990	Q	1
990	S	1
990	W	1
990	Y	2
991	A	1
991	D	1
991	F	1
991	G	1
991	I	2
991	L	1
991	M	2
991	P	2
991	Q	1
991	S	2
991	W	1
991	Y	5
992	C	1
992	D	2
992	F	1
992	G	1
992	K	1
992	P	2
992	R	1
992	S	1
992	V	1
992	Y	2
993	A	1
993	D	2
993	F	1
993	G	2
993	I	1
993	N	1
993	P	1
993	Y	1
994	A	1
994	C	1
994	D	1
994	F	2
994	H	3
994	P	1
994	S	1
994	T	2
994	Y	2
995	A	2
995	D	5
995	F	2
995	G	1
995	I	3
995	M	3
995	Q	1
995	R	1
995	S	1
995	T	1
995	Y	3
997	C	3
997	D	2
997	F	2
997	H	1
997	I	1
997	M	4
997	N	1
997	Q	1
997	R	2
998	A	4
998	C	1
998	D	2
998	E	2
998	I	2
998	K	1
998	L	1
998	N	3
998	P	1
998	R	2
998	T	1
